Mouse,Condition,Group,Session_ID,TimeFrame,Channel,Region,CSD_Val,Voltage_Val,,
M13_pten,CNO,PTEN,m13s17,AS,1,CA1 SP,-28.11249965,-56.31607204,,
M13_pten,CNO,PTEN,m13s17,AS,2,CA1 SP,-28.11249965,-56.31607204,,
M13_pten,CNO,PTEN,m13s17,AS,3,CA1 SP,-28.11249965,-97.88923844,,
M13_pten,CNO,PTEN,m13s17,AS,4,CA1 SP,-28.11249965,-97.88923844,,
M13_pten,CNO,PTEN,m13s17,AS,5,CA1,26.80977497,-117.7847793,,
M13_pten,CNO,PTEN,m13s17,AS,6,CA1,26.80977497,-117.7847793,,
M13_pten,CNO,PTEN,m13s17,AS,7,CA1,23.77548222,-168.112253,,
M13_pten,CNO,PTEN,m13s17,AS,8,CA1,23.77548222,-168.112253,,
M13_pten,CNO,PTEN,m13s17,AS,9,CA1,-9.760873021,-240.834075,,
M13_pten,CNO,PTEN,m13s17,AS,10,CA1,-9.760873021,-240.834075,,
M13_pten,CNO,PTEN,m13s17,AS,11,CA1,-31.35307329,-301.7457975,,
M13_pten,CNO,PTEN,m13s17,AS,12,CA1,-31.35307329,-301.7457975,,
M13_pten,CNO,PTEN,m13s17,AS,13,CA1 SLM,-67.70746994,-324.7817041,,
M13_pten,CNO,PTEN,m13s17,AS,14,CA1 SLM,-67.70746994,-324.7817041,,
M13_pten,CNO,PTEN,m13s17,AS,15,CA1 SLM,-41.02096689,-271.041742,,
M13_pten,CNO,PTEN,m13s17,AS,16,CA1 SLM,-41.02096689,-271.041742,,
M13_pten,CNO,PTEN,m13s17,AS,17,CA1 SLM,30.89012019,-172.7223833,,
M13_pten,CNO,PTEN,m13s17,AS,18,CA1 SLM,30.89012019,-172.7223833,,
M13_pten,CNO,PTEN,m13s17,AS,19,DG OML1,6.770219339,-107.8990806,,
M13_pten,CNO,PTEN,m13s17,AS,20,DG OML1,6.770219339,-107.8990806,,
M13_pten,CNO,PTEN,m13s17,AS,21,DG OML1,51.42163087,-53.01110933,,
M13_pten,CNO,PTEN,m13s17,AS,22,DG MML1,51.42163087,-53.01110933,,
M13_pten,CNO,PTEN,m13s17,AS,23,DG MML1,147.0717272,-48.43397618,,
M13_pten,CNO,PTEN,m13s17,AS,24,DG MML1,147.0717272,-48.43397618,,
M13_pten,CNO,PTEN,m13s17,AS,25,DG GCL1,-101.5225456,-185.7215464,,
M13_pten,CNO,PTEN,m13s17,AS,26,DG GCL1,-101.5225456,-185.7215464,,
M13_pten,CNO,PTEN,m13s17,AS,27,DG GCL1,-262.1915283,-201.2420186,,
M13_pten,CNO,PTEN,m13s17,AS,28,DG GCL1,-262.1915283,-201.2420186,,
M13_pten,CNO,PTEN,m13s17,AS,29,HIL,-38.16746534,61.55340439,,
M13_pten,CNO,PTEN,m13s17,AS,30,HIL,-38.16746534,61.55340439,,
M13_pten,CNO,PTEN,m13s17,AS,31,HIL,176.1439487,368.669901,,
M13_pten,CNO,PTEN,m13s17,AS,32,HIL,176.1439487,368.669901,,
M13_pten,CNO,PTEN,m13s17,AS,33,HIL,433.172541,462.0847348,,
M13_pten,CNO,PTEN,m13s17,AS,34,HIL,433.172541,462.0847348,,
M13_pten,CNO,PTEN,m13s17,AS,35,HIL,275.8087029,21.6659727,,
M13_pten,CNO,PTEN,m13s17,AS,36,HIL,275.8087029,21.6659727,,
M13_pten,CNO,PTEN,m13s17,AS,37,DG GCL2,-143.0369759,-744.0029646,,
M13_pten,CNO,PTEN,m13s17,AS,38,DG GCL2,-143.0369759,-744.0029646,,
M13_pten,CNO,PTEN,m13s17,AS,39,DG GCL2,-677.7540073,-1378.906883,,
M13_pten,CNO,PTEN,m13s17,AS,40,DG GCL2,-677.7540073,-1378.906883,,
M13_pten,CNO,PTEN,m13s17,AS,41,DG GCL2,-220.8727496,-1276.887983,,
M13_pten,CNO,PTEN,m13s17,AS,42,DG GCL2,-220.8727496,-1276.887983,,
M13_pten,CNO,PTEN,m13s17,AS,43,DG MML2,148.229747,-880.2546717,,
M13_pten,CNO,PTEN,m13s17,AS,44,DG MML2,148.229747,-880.2546717,,
M13_pten,CNO,PTEN,m13s17,AS,45,DG MML2,175.6419905,-615.2220861,,
M13_pten,CNO,PTEN,m13s17,AS,46,DG MML2,175.6419905,-615.2220861,,
M13_pten,CNO,PTEN,m13s17,AS,47,DG MML2,89.81463188,-525.2518367,,
M13_pten,CNO,PTEN,m13s17,AS,48,DG MML2,89.81463188,-525.2518367,,
M13_pten,CNO,PTEN,m13s17,AS,49,DG OML2,-6.28248444,-528.4197751,,
M13_pten,CNO,PTEN,m13s17,AS,50,DG OML2,-6.28248444,-528.4197751,,
M13_pten,CNO,PTEN,m13s17,AS,51,DG OML2,-61.08849531,-514.1679307,,
M13_pten,CNO,PTEN,m13s17,AS,52,DG OML2,-61.08849531,-514.1679307,,
M13_pten,CNO,PTEN,m13s17,AS,53,DG OML2,-10.19560829,-412.9129653,,
M13_pten,CNO,PTEN,m13s17,AS,54,DG OML2,-10.19560829,-412.9129653,,
M13_pten,CNO,PTEN,m13s17,AS,55,DG OML2,98.26499881,-302.0976611,,
M13_pten,CNO,PTEN,m13s17,AS,56,DG OML2,98.26499881,-302.0976611,,
M13_pten,CNO,PTEN,m13s17,AS,57,DG OML2,-69.11573647,-326.6140928,,
M13_pten,CNO,PTEN,m13s17,AS,58,DG OML2,-69.11573647,-326.6140928,,
M13_pten,CNO,PTEN,m13s17,AS,59,DG OML2,30.16692819,-283.38492,,
M13_pten,CNO,PTEN,m13s17,AS,60,DG,30.16692819,-283.38492,,
M13_pten,CNO,PTEN,m13s17,AS,61,DG,2.210688422,-269.7148414,,
M13_pten,CNO,PTEN,m13s17,AS,62,DG,2.210688422,-269.7148414,,
M13_pten,CNO,PTEN,m13s17,AS,63,DG,2.210688422,-258.3758546,,
M13_pten,CNO,PTEN,m13s17,AS,64,DG,2.210688422,-258.3758546,,
M13_pten,CNO,PTEN,m13s17,GZ,1,CA1 SP,2.193144722,-98.17978411,,
M13_pten,CNO,PTEN,m13s17,GZ,2,CA1 SP,2.193144722,-98.17978411,,
M13_pten,CNO,PTEN,m13s17,GZ,3,CA1 SP,2.193144722,-124.4245639,,
M13_pten,CNO,PTEN,m13s17,GZ,4,CA1 SP,2.193144722,-124.4245639,,
M13_pten,CNO,PTEN,m13s17,GZ,5,CA1,18.76741768,-152.7683201,,
M13_pten,CNO,PTEN,m13s17,GZ,6,CA1,18.76741768,-152.7683201,,
M13_pten,CNO,PTEN,m13s17,GZ,7,CA1,32.86633273,-200.9931209,,
M13_pten,CNO,PTEN,m13s17,GZ,8,CA1,32.86633273,-200.9931209,,
M13_pten,CNO,PTEN,m13s17,GZ,9,CA1,9.151289898,-280.3345425,,
M13_pten,CNO,PTEN,m13s17,GZ,10,CA1,9.151289898,-280.3345425,,
M13_pten,CNO,PTEN,m13s17,GZ,11,CA1,5.928949584,-365.9490541,,
M13_pten,CNO,PTEN,m13s17,GZ,12,CA1,5.928949584,-365.9490541,,
M13_pten,CNO,PTEN,m13s17,GZ,13,CA1 SLM,-49.99685896,-450.146994,,
M13_pten,CNO,PTEN,m13s17,GZ,14,CA1 SLM,-49.99685896,-450.146994,,
M13_pten,CNO,PTEN,m13s17,GZ,15,CA1 SLM,-40.9694022,-481.3376458,,
M13_pten,CNO,PTEN,m13s17,GZ,16,CA1 SLM,-40.9694022,-481.3376458,,
M13_pten,CNO,PTEN,m13s17,GZ,17,CA1 SLM,8.343386811,-463.5478989,,
M13_pten,CNO,PTEN,m13s17,GZ,18,CA1 SLM,8.343386811,-463.5478989,,
M13_pten,CNO,PTEN,m13s17,GZ,19,DG OML1,-0.113256158,-455.0629186,,
M13_pten,CNO,PTEN,m13s17,GZ,20,DG OML1,-0.113256158,-455.0629186,,
M13_pten,CNO,PTEN,m13s17,GZ,21,DG OML1,110.7661025,-445.603214,,
M13_pten,CNO,PTEN,m13s17,GZ,22,DG MML1,110.7661025,-445.603214,,
M13_pten,CNO,PTEN,m13s17,GZ,23,DG MML1,264.438157,-513.9238574,,
M13_pten,CNO,PTEN,m13s17,GZ,24,DG MML1,264.438157,-513.9238574,,
M13_pten,CNO,PTEN,m13s17,GZ,25,DG GCL1,-155.5590161,-797.6969153,,
M13_pten,CNO,PTEN,m13s17,GZ,26,DG GCL1,-155.5590161,-797.6969153,,
M13_pten,CNO,PTEN,m13s17,GZ,27,DG GCL1,-357.4132211,-897.6114893,,
M13_pten,CNO,PTEN,m13s17,GZ,28,DG GCL1,-357.4132211,-897.6114893,,
M13_pten,CNO,PTEN,m13s17,GZ,29,HIL,-19.55842507,-620.420525,,
M13_pten,CNO,PTEN,m13s17,GZ,30,HIL,-19.55842507,-620.420525,,
M13_pten,CNO,PTEN,m13s17,GZ,31,HIL,58.57424439,-353.7531688,,
M13_pten,CNO,PTEN,m13s17,GZ,32,HIL,58.57424439,-353.7531688,,
M13_pten,CNO,PTEN,m13s17,GZ,33,HIL,226.6062045,-241.6804405,,
M13_pten,CNO,PTEN,m13s17,GZ,34,HIL,226.6062045,-241.6804405,,
M13_pten,CNO,PTEN,m13s17,GZ,35,HIL,136.9574648,-544.7906017,,
M13_pten,CNO,PTEN,m13s17,GZ,36,HIL,136.9574648,-544.7906017,,
M13_pten,CNO,PTEN,m13s17,GZ,37,DG GCL2,-58.72218482,-1040.942862,,
M13_pten,CNO,PTEN,m13s17,GZ,38,DG GCL2,-58.72218482,-1040.942862,,
M13_pten,CNO,PTEN,m13s17,GZ,39,DG GCL2,-746.9446936,-1461.939752,,
M13_pten,CNO,PTEN,m13s17,GZ,40,DG GCL2,-746.9446936,-1461.939752,,
M13_pten,CNO,PTEN,m13s17,GZ,41,DG GCL2,-312.1582169,-1059.683459,,
M13_pten,CNO,PTEN,m13s17,GZ,42,DG GCL2,-312.1582169,-1059.683459,,
M13_pten,CNO,PTEN,m13s17,GZ,43,DG MML2,338.4177114,-267.5220811,,
M13_pten,CNO,PTEN,m13s17,GZ,44,DG MML2,338.4177114,-267.5220811,,
M13_pten,CNO,PTEN,m13s17,GZ,45,DG MML2,354.7539335,208.7717874,,
M13_pten,CNO,PTEN,m13s17,GZ,46,DG MML2,354.7539335,208.7717874,,
M13_pten,CNO,PTEN,m13s17,GZ,47,DG MML2,180.6663061,348.724435,,
M13_pten,CNO,PTEN,m13s17,GZ,48,DG MML2,180.6663061,348.724435,,
M13_pten,CNO,PTEN,m13s17,GZ,49,DG OML2,55.96832252,329.5267376,,
M13_pten,CNO,PTEN,m13s17,GZ,50,DG OML2,55.96832252,329.5267376,,
M13_pten,CNO,PTEN,m13s17,GZ,51,DG OML2,26.79363231,257.4667427,,
M13_pten,CNO,PTEN,m13s17,GZ,52,DG OML2,26.79363231,257.4667427,,
M13_pten,CNO,PTEN,m13s17,GZ,53,DG OML2,8.425461468,148.7097033,,
M13_pten,CNO,PTEN,m13s17,GZ,54,DG OML2,8.425461468,148.7097033,,
M13_pten,CNO,PTEN,m13s17,GZ,55,DG OML2,-105.8988349,40.69670875,,
M13_pten,CNO,PTEN,m13s17,GZ,56,DG OML2,-105.8988349,40.69670875,,
M13_pten,CNO,PTEN,m13s17,GZ,57,DG OML2,-15.09493737,20.9074613,,
M13_pten,CNO,PTEN,m13s17,GZ,58,DG OML2,-15.09493737,20.9074613,,
M13_pten,CNO,PTEN,m13s17,GZ,59,DG OML2,17.73815341,19.38164057,,
M13_pten,CNO,PTEN,m13s17,GZ,60,DG,17.73815341,19.38164057,,
M13_pten,CNO,PTEN,m13s17,GZ,61,DG,-9.290026975,0.736994276,,
M13_pten,CNO,PTEN,m13s17,GZ,62,DG,-9.290026975,0.736994276,,
M13_pten,CNO,PTEN,m13s17,GZ,63,DG,-9.290026975,-12.02977799,,
M13_pten,CNO,PTEN,m13s17,GZ,64,DG,-9.290026975,-12.02977799,,
M13_pten,Base,PTEN,m13s2,AS,1,CA1,-2.074581109,-69.82365379,,
M13_pten,Base,PTEN,m13s2,AS,2,CA1,-2.074581109,-69.82365379,,
M13_pten,Base,PTEN,m13s2,AS,3,CA1,-2.074581109,-80.60345983,,
M13_pten,Base,PTEN,m13s2,AS,4,CA1,-2.074581109,-80.60345983,,
M13_pten,Base,PTEN,m13s2,AS,5,CA1,-1.745232783,-87.81527103,,
M13_pten,Base,PTEN,m13s2,AS,6,CA1,-1.745232783,-87.81527103,,
M13_pten,Base,PTEN,m13s2,AS,7,CA1,-36.52772443,-89.50218301,,
M13_pten,Base,PTEN,m13s2,AS,8,CA1,-36.52772443,-89.50218301,,
M13_pten,Base,PTEN,m13s2,AS,9,CA1 SLM,-29.93247136,-50.94002323,,
M13_pten,Base,PTEN,m13s2,AS,10,CA1 SLM,-29.93247136,-50.94002323,,
M13_pten,Base,PTEN,m13s2,AS,11,CA1 SLM,19.01312263,19.06659966,,
M13_pten,Base,PTEN,m13s2,AS,12,CA1 SLM,19.01312263,19.06659966,,
M13_pten,Base,PTEN,m13s2,AS,13,DG OML1,8.752158248,67.91377745,,
M13_pten,Base,PTEN,m13s2,AS,14,DG OML1,8.752158248,67.91377745,,
M13_pten,Base,PTEN,m13s2,AS,15,DG OML1,13.69625575,109.1982844,,
M13_pten,Base,PTEN,m13s2,AS,16,DG OML1,13.69625575,109.1982844,,
M13_pten,Base,PTEN,m13s2,AS,17,DG MML1,36.59378773,138.5622533,,
M13_pten,Base,PTEN,m13s2,AS,18,DG MML1,36.59378773,138.5622533,,
M13_pten,Base,PTEN,m13s2,AS,19,DG MML1,28.66538027,136.9954245,,
M13_pten,Base,PTEN,m13s2,AS,20,DG MML1,28.66538027,136.9954245,,
M13_pten,Base,PTEN,m13s2,AS,21,DG MML1,16.35662029,106.9643548,,
M13_pten,Base,PTEN,m13s2,AS,22,DG MML1,16.35662029,106.9643548,,
M13_pten,Base,PTEN,m13s2,AS,23,DG GCL1,-76.67772871,66.30161552,,
M13_pten,Base,PTEN,m13s2,AS,24,DG GCL1,-76.67772871,66.30161552,,
M13_pten,Base,PTEN,m13s2,AS,25,DG GCL1,-154.8202491,113.1501793,,
M13_pten,Base,PTEN,m13s2,AS,26,DG GCL1,-154.8202491,113.1501793,,
M13_pten,Base,PTEN,m13s2,AS,27,HIL,-52.91530473,326.6790337,,
M13_pten,Base,PTEN,m13s2,AS,28,HIL,-52.91530473,326.6790337,,
M13_pten,Base,PTEN,m13s2,AS,29,HIL,27.72209926,613.6376423,,
M13_pten,Base,PTEN,m13s2,AS,30,HIL,27.72209926,613.6376423,,
M13_pten,Base,PTEN,m13s2,AS,31,HIL,140.2555307,876.5413861,,
M13_pten,Base,PTEN,m13s2,AS,32,HIL,140.2555307,876.5413861,,
M13_pten,Base,PTEN,m13s2,AS,33,HIL,242.6379193,965.2321113,,
M13_pten,Base,PTEN,m13s2,AS,34,HIL,242.6379193,965.2321113,,
M13_pten,Base,PTEN,m13s2,AS,35,HIL,560.8089733,733.373287,,
M13_pten,Base,PTEN,m13s2,AS,36,HIL,560.8089733,733.373287,,
M13_pten,Base,PTEN,m13s2,AS,37,HIL,-64.24129772,-211.6655775,,
M13_pten,Base,PTEN,m13s2,AS,38,HIL,-64.24129772,-211.6655775,,
M13_pten,Base,PTEN,m13s2,AS,39,DG GCL2,-438.5358904,-1065.31578,,
M13_pten,Base,PTEN,m13s2,AS,40,DG GCL2,-438.5358904,-1065.31578,,
M13_pten,Base,PTEN,m13s2,AS,41,DG GCL2,-523.6851072,-1447.796648,,
M13_pten,Base,PTEN,m13s2,AS,42,DG GCL2,-523.6851072,-1447.796648,,
M13_pten,Base,PTEN,m13s2,AS,43,DG GCL2,-173.7593759,-1285.85943,,
M13_pten,Base,PTEN,m13s2,AS,44,DG GCL2,-173.7593759,-1285.85943,,
M13_pten,Base,PTEN,m13s2,AS,45,DG MML2,202.4806695,-865.9167103,,
M13_pten,Base,PTEN,m13s2,AS,46,DG MML2,202.4806695,-865.9167103,,
M13_pten,Base,PTEN,m13s2,AS,47,DG MML2,186.0005527,-614.2053297,,
M13_pten,Base,PTEN,m13s2,AS,48,DG MML2,186.0005527,-614.2053297,,
M13_pten,Base,PTEN,m13s2,AS,49,DG OML2,50.65146571,-541.7463715,,
M13_pten,Base,PTEN,m13s2,AS,50,DG OML2,50.65146571,-541.7463715,,
M13_pten,Base,PTEN,m13s2,AS,51,DG OML2,-60.92459965,-500.5359132,,
M13_pten,Base,PTEN,m13s2,AS,52,DG OML2,-60.92459965,-500.5359132,,
M13_pten,Base,PTEN,m13s2,AS,53,DG OML2,21.40471595,-383.1350532,,
M13_pten,Base,PTEN,m13s2,AS,54,DG,21.40471595,-383.1350532,,
M13_pten,Base,PTEN,m13s2,AS,55,DG,62.2945646,-313.9882993,,
M13_pten,Base,PTEN,m13s2,AS,56,DG,62.2945646,-313.9882993,,
M13_pten,Base,PTEN,m13s2,AS,57,DG,-22.66079302,-324.8446087,,
M13_pten,Base,PTEN,m13s2,AS,58,DG,-22.66079302,-324.8446087,,
M13_pten,Base,PTEN,m13s2,AS,59,DG,-12.38816919,-303.056071,,
M13_pten,Base,PTEN,m13s2,AS,60,DG,-12.38816919,-303.056071,,
M13_pten,Base,PTEN,m13s2,AS,61,DG,-2.498527161,-258.654641,,
M13_pten,Base,PTEN,m13s2,AS,62,DG,-2.498527161,-258.654641,,
M13_pten,Base,PTEN,m13s2,AS,63,DG,-2.498527161,-205.0903009,,
M13_pten,Base,PTEN,m13s2,AS,64,DG,-2.498527161,-205.0903009,,
M13_pten,Base,PTEN,m13s2,GZ,1,CA1,3.618188295,-150.6406921,,
M13_pten,Base,PTEN,m13s2,GZ,2,CA1,3.618188295,-150.6406921,,
M13_pten,Base,PTEN,m13s2,GZ,3,CA1,3.618188295,-175.4049563,,
M13_pten,Base,PTEN,m13s2,GZ,4,CA1,3.618188295,-175.4049563,,
M13_pten,Base,PTEN,m13s2,GZ,5,CA1,17.6087183,-205.3565161,,
M13_pten,Base,PTEN,m13s2,GZ,6,CA1,17.6087183,-205.3565161,,
M13_pten,Base,PTEN,m13s2,GZ,7,CA1,-35.88549138,-248.5099109,,
M13_pten,Base,PTEN,m13s2,GZ,8,CA1,-35.88549138,-248.5099109,,
M13_pten,Base,PTEN,m13s2,GZ,9,CA1 SLM,-33.37093382,-253.530649,,
M13_pten,Base,PTEN,m13s2,GZ,10,CA1 SLM,-33.37093382,-253.530649,,
M13_pten,Base,PTEN,m13s2,GZ,11,CA1 SLM,9.057889801,-221.37151,,
M13_pten,Base,PTEN,m13s2,GZ,12,CA1 SLM,9.057889801,-221.37151,,
M13_pten,Base,PTEN,m13s2,GZ,13,DG OML1,4.252317821,-198.2230996,,
M13_pten,Base,PTEN,m13s2,GZ,14,DG OML1,4.252317821,-198.2230996,,
M13_pten,Base,PTEN,m13s2,GZ,15,DG OML1,24.97549507,-180.8855747,,
M13_pten,Base,PTEN,m13s2,GZ,16,DG OML1,24.97549507,-180.8855747,,
M13_pten,Base,PTEN,m13s2,GZ,17,DG MML1,97.42604296,-178.6288902,,
M13_pten,Base,PTEN,m13s2,GZ,18,DG MML1,97.42604296,-178.6288902,,
M13_pten,Base,PTEN,m13s2,GZ,19,DG MML1,76.15218624,-253.8626864,,
M13_pten,Base,PTEN,m13s2,GZ,20,DG MML1,76.15218624,-253.8626864,,
M13_pten,Base,PTEN,m13s2,GZ,21,DG MML1,18.55832235,-395.5432175,,
M13_pten,Base,PTEN,m13s2,GZ,22,DG MML1,18.55832235,-395.5432175,,
M13_pten,Base,PTEN,m13s2,GZ,23,DG GCL1,-148.6764913,-541.3899945,,
M13_pten,Base,PTEN,m13s2,GZ,24,DG GCL1,-148.6764913,-541.3899945,,
M13_pten,Base,PTEN,m13s2,GZ,25,DG GCL1,-139.5292448,-526.1519866,,
M13_pten,Base,PTEN,m13s2,GZ,26,DG GCL1,-139.5292448,-526.1519866,,
M13_pten,Base,PTEN,m13s2,GZ,27,HIL,-29.02562447,-350.8766434,,
M13_pten,Base,PTEN,m13s2,GZ,28,HIL,-29.02562447,-350.8766434,,
M13_pten,Base,PTEN,m13s2,GZ,29,HIL,28.15553272,-135.9219064,,
M13_pten,Base,PTEN,m13s2,GZ,30,HIL,28.15553272,-135.9219064,,
M13_pten,Base,PTEN,m13s2,GZ,31,HIL,121.147364,4.354739099,,
M13_pten,Base,PTEN,m13s2,GZ,32,HIL,121.147364,4.354739099,,
M13_pten,Base,PTEN,m13s2,GZ,33,HIL,99.80399082,28.56514583,,
M13_pten,Base,PTEN,m13s2,GZ,34,HIL,99.80399082,28.56514583,,
M13_pten,Base,PTEN,m13s2,GZ,35,HIL,159.2119468,-197.8545796,,
M13_pten,Base,PTEN,m13s2,GZ,36,HIL,159.2119468,-197.8545796,,
M13_pten,Base,PTEN,m13s2,GZ,37,HIL,28.24973587,-831.0018879,,
M13_pten,Base,PTEN,m13s2,GZ,38,HIL,28.24973587,-831.0018879,,
M13_pten,Base,PTEN,m13s2,GZ,39,DG GCL2,-253.5507922,-1432.69554,,
M13_pten,Base,PTEN,m13s2,GZ,40,DG GCL2,-253.5507922,-1432.69554,,
M13_pten,Base,PTEN,m13s2,GZ,41,DG GCL2,-834.0947835,-1660.426867,,
M13_pten,Base,PTEN,m13s2,GZ,42,DG GCL2,-834.0947835,-1660.426867,,
M13_pten,Base,PTEN,m13s2,GZ,43,DG GCL2,-217.696197,-1052.224312,,
M13_pten,Base,PTEN,m13s2,GZ,44,DG GCL2,-217.696197,-1052.224312,,
M13_pten,Base,PTEN,m13s2,GZ,45,DG MML2,479.1088625,-83.05614803,,
M13_pten,Base,PTEN,m13s2,GZ,46,DG MML2,479.1088625,-83.05614803,,
M13_pten,Base,PTEN,m13s2,GZ,47,DG MML2,380.0896959,456.1245739,,
M13_pten,Base,PTEN,m13s2,GZ,48,DG MML2,380.0896959,456.1245739,,
M13_pten,Base,PTEN,m13s2,GZ,49,DG OML2,181.3166692,617.8938299,,
M13_pten,Base,PTEN,m13s2,GZ,50,DG OML2,181.3166692,617.8938299,,
M13_pten,Base,PTEN,m13s2,GZ,51,DG OML2,-28.55945521,589.9206404,,
M13_pten,Base,PTEN,m13s2,GZ,52,DG OML2,-28.55945521,589.9206404,,
M13_pten,Base,PTEN,m13s2,GZ,53,DG OML2,5.172237273,560.4739099,,
M13_pten,Base,PTEN,m13s2,GZ,54,DG,5.172237273,560.4739099,,
M13_pten,Base,PTEN,m13s2,GZ,55,DG,51.94546153,528.1653001,,
M13_pten,Base,PTEN,m13s2,GZ,56,DG,51.94546153,528.1653001,,
M13_pten,Base,PTEN,m13s2,GZ,57,DG,-32.72968605,436.2331164,,
M13_pten,Base,PTEN,m13s2,GZ,58,DG,-32.72968605,436.2331164,,
M13_pten,Base,PTEN,m13s2,GZ,59,DG,19.50989527,386.5765912,,
M13_pten,Base,PTEN,m13s2,GZ,60,DG,19.50989527,386.5765912,,
M13_pten,Base,PTEN,m13s2,GZ,61,DG,1.879822232,326.8623496,,
M13_pten,Base,PTEN,m13s2,GZ,62,DG,1.879822232,326.8623496,,
M13_pten,Base,PTEN,m13s2,GZ,63,DG,1.879822232,252.8795817,,
M13_pten,Base,PTEN,m13s2,GZ,64,DG,1.879822232,252.8795817,,
m28_ptenblind,Base,PTEN,m28s2,AS,1,CA1,-72.03280164,-53.37334471,,
m28_ptenblind,Base,PTEN,m28s2,AS,2,CA1,-72.03280164,-53.37334471,,
m28_ptenblind,Base,PTEN,m28s2,AS,3,CA1,-72.03280164,-100.6355444,,
m28_ptenblind,Base,PTEN,m28s2,AS,4,CA1 SP,-72.03280164,-100.6355444,,
m28_ptenblind,Base,PTEN,m28s2,AS,5,CA1 SP,11.86143529,-81.32532523,,
m28_ptenblind,Base,PTEN,m28s2,AS,6,CA1 SP,11.86143529,-81.32532523,,
m28_ptenblind,Base,PTEN,m28s2,AS,7,CA1 SP,12.99843947,-72.9178116,,
m28_ptenblind,Base,PTEN,m28s2,AS,8,CA1 SP,12.99843947,-72.9178116,,
m28_ptenblind,Base,PTEN,m28s2,AS,9,CA1,-16.74490146,-78.87291809,,
m28_ptenblind,Base,PTEN,m28s2,AS,10,CA1,-16.74490146,-78.87291809,,
m28_ptenblind,Base,PTEN,m28s2,AS,11,CA1,-8.742378801,-67.26338557,,
m28_ptenblind,Base,PTEN,m28s2,AS,12,CA1,-8.742378801,-67.26338557,,
m28_ptenblind,Base,PTEN,m28s2,AS,13,CA1,8.774632993,-47.74033479,,
m28_ptenblind,Base,PTEN,m28s2,AS,14,CA1 SLM,8.774632993,-47.74033479,,
m28_ptenblind,Base,PTEN,m28s2,AS,15,CA1 SLM,21.30851843,-36.89969328,,
m28_ptenblind,Base,PTEN,m28s2,AS,16,CA1 SLM,21.30851843,-36.89969328,,
m28_ptenblind,Base,PTEN,m28s2,AS,17,CA1 SLM,-3.532829187,-46.49596788,,
m28_ptenblind,Base,PTEN,m28s2,AS,18,CA1 SLM,-3.532829187,-46.49596788,,
m28_ptenblind,Base,PTEN,m28s2,AS,19,DG OML1,86.2221291,-54.42064531,,
m28_ptenblind,Base,PTEN,m28s2,AS,20,DG OML1,86.2221291,-54.42064531,,
m28_ptenblind,Base,PTEN,m28s2,AS,21,DG OML1,154.328056,-154.5301888,,
m28_ptenblind,Base,PTEN,m28s2,AS,22,DG OML1,154.328056,-154.5301888,,
m28_ptenblind,Base,PTEN,m28s2,AS,23,DG OML1,100.2191022,-419.6325278,,
m28_ptenblind,Base,PTEN,m28s2,AS,24,DG OML1,100.2191022,-419.6325278,,
m28_ptenblind,Base,PTEN,m28s2,AS,25,DG MML1,-77.51563382,-786.6425099,,
m28_ptenblind,Base,PTEN,m28s2,AS,26,DG MML1,-77.51563382,-786.6425099,,
m28_ptenblind,Base,PTEN,m28s2,AS,27,DG MML1,-216.8822813,-1042.003647,,
m28_ptenblind,Base,PTEN,m28s2,AS,28,DG MML1,-216.8822813,-1042.003647,,
m28_ptenblind,Base,PTEN,m28s2,AS,29,DG GCL1,-244.2987837,-1042.360314,,
m28_ptenblind,Base,PTEN,m28s2,AS,30,DG GCL1,-244.2987837,-1042.360314,,
m28_ptenblind,Base,PTEN,m28s2,AS,31,DG GCL1,-82.94976276,-772.5277184,,
m28_ptenblind,Base,PTEN,m28s2,AS,32,DG GCL1,-82.94976276,-772.5277184,,
m28_ptenblind,Base,PTEN,m28s2,AS,33,HIL,129.6640479,-415.0020394,,
m28_ptenblind,Base,PTEN,m28s2,AS,34,HIL,129.6640479,-415.0020394,,
m28_ptenblind,Base,PTEN,m28s2,AS,35,HIL,112.6015509,-213.2046173,,
m28_ptenblind,Base,PTEN,m28s2,AS,36,HIL,112.6015509,-213.2046173,,
m28_ptenblind,Base,PTEN,m28s2,AS,37,HIL,125.7434074,-163.8242635,,
m28_ptenblind,Base,PTEN,m28s2,AS,38,HIL,125.7434074,-163.8242635,,
m28_ptenblind,Base,PTEN,m28s2,AS,39,HIL,108.1163743,-287.2052964,,
m28_ptenblind,Base,PTEN,m28s2,AS,40,HIL,108.1163743,-287.2052964,,
m28_ptenblind,Base,PTEN,m28s2,AS,41,HIL,-17.57794939,-558.2314962,,
m28_ptenblind,Base,PTEN,m28s2,AS,42,HIL,-17.57794939,-558.2314962,,
m28_ptenblind,Base,PTEN,m28s2,AS,43,HIL,-12.38859523,-812.9180972,,
m28_ptenblind,Base,PTEN,m28s2,AS,44,HIL,-12.38859523,-812.9180972,,
m28_ptenblind,Base,PTEN,m28s2,AS,45,DG GCL2,-340.7496186,-1083.097482,,
m28_ptenblind,Base,PTEN,m28s2,AS,46,DG GCL2,-340.7496186,-1083.097482,,
m28_ptenblind,Base,PTEN,m28s2,AS,47,DG GCL2,-262.0733022,-948.3116751,,
m28_ptenblind,Base,PTEN,m28s2,AS,48,DG GCL2,-262.0733022,-948.3116751,,
m28_ptenblind,Base,PTEN,m28s2,AS,49,DG GCL2,106.3509109,-501.5237895,,
m28_ptenblind,Base,PTEN,m28s2,AS,50,DG GCL2,106.3509109,-501.5237895,,
m28_ptenblind,Base,PTEN,m28s2,AS,51,DG MML2,115.5472777,-131.3401851,,
m28_ptenblind,Base,PTEN,m28s2,AS,52,DG MML2,115.5472777,-131.3401851,,
m28_ptenblind,Base,PTEN,m28s2,AS,53,DG MML2,192.9106846,106.1647977,,
m28_ptenblind,Base,PTEN,m28s2,AS,54,DG MML2,192.9106846,106.1647977,,
m28_ptenblind,Base,PTEN,m28s2,AS,55,DG OML2,-14.36371084,136.8779384,,
m28_ptenblind,Base,PTEN,m28s2,AS,56,DG OML2,-14.36371084,136.8779384,,
m28_ptenblind,Base,PTEN,m28s2,AS,57,DG OML2,39.43452567,176.4390241,,
m28_ptenblind,Base,PTEN,m28s2,AS,58,DG,39.43452567,176.4390241,,
m28_ptenblind,Base,PTEN,m28s2,AS,59,DG,-17.74516191,174.7316701,,
m28_ptenblind,Base,PTEN,m28s2,AS,60,DG,-17.74516191,174.7316701,,
m28_ptenblind,Base,PTEN,m28s2,AS,61,DG,25.34491693,187.5237429,,
m28_ptenblind,Base,PTEN,m28s2,AS,62,DG,25.34491693,187.5237429,,
m28_ptenblind,Base,PTEN,m28s2,AS,63,DG,25.34491693,172.3446035,,
m28_ptenblind,Base,PTEN,m28s2,AS,64,DG,25.34491693,172.3446035,,
m28_ptenblind,Base,PTEN,m28s2,GZ,1,CA1,-48.52147256,-29.07362141,,
m28_ptenblind,Base,PTEN,m28s2,GZ,2,CA1,-48.52147256,-29.07362141,,
m28_ptenblind,Base,PTEN,m28s2,GZ,3,CA1,-48.52147256,-66.50199265,,
m28_ptenblind,Base,PTEN,m28s2,GZ,4,CA1 SP,-48.52147256,-66.50199265,,
m28_ptenblind,Base,PTEN,m28s2,GZ,5,CA1 SP,1.434572281,-56.2039985,,
m28_ptenblind,Base,PTEN,m28s2,GZ,6,CA1 SP,1.434572281,-56.2039985,,
m28_ptenblind,Base,PTEN,m28s2,GZ,7,CA1 SP,9.474600515,-46.09211156,,
m28_ptenblind,Base,PTEN,m28s2,GZ,8,CA1 SP,9.474600515,-46.09211156,,
m28_ptenblind,Base,PTEN,m28s2,GZ,9,CA1,-12.46630761,-50.01049354,,
m28_ptenblind,Base,PTEN,m28s2,GZ,10,CA1,-12.46630761,-50.01049354,,
m28_ptenblind,Base,PTEN,m28s2,GZ,11,CA1,-9.517423568,-37.08017068,,
m28_ptenblind,Base,PTEN,m28s2,GZ,12,CA1,-9.517423568,-37.08017068,,
m28_ptenblind,Base,PTEN,m28s2,GZ,13,CA1,7.744696832,-14.63005191,,
m28_ptenblind,Base,PTEN,m28s2,GZ,14,CA1 SLM,7.744696832,-14.63005191,,
m28_ptenblind,Base,PTEN,m28s2,GZ,15,CA1 SLM,22.49945364,1.143095923,,
m28_ptenblind,Base,PTEN,m28s2,GZ,16,CA1 SLM,22.49945364,1.143095923,,
m28_ptenblind,Base,PTEN,m28s2,GZ,17,CA1 SLM,33.2757273,-4.451564101,,
m28_ptenblind,Base,PTEN,m28s2,GZ,18,CA1 SLM,33.2757273,-4.451564101,,
m28_ptenblind,Base,PTEN,m28s2,GZ,19,DG OML1,210.4402358,-37.83979572,,
m28_ptenblind,Base,PTEN,m28s2,GZ,20,DG OML1,210.4402358,-37.83979572,,
m28_ptenblind,Base,PTEN,m28s2,GZ,21,DG OML1,296.7190896,-272.4352352,,
m28_ptenblind,Base,PTEN,m28s2,GZ,22,DG OML1,296.7190896,-272.4352352,,
m28_ptenblind,Base,PTEN,m28s2,GZ,23,DG OML1,136.4597198,-800.4519353,,
m28_ptenblind,Base,PTEN,m28s2,GZ,24,DG OML1,136.4597198,-800.4519353,,
m28_ptenblind,Base,PTEN,m28s2,GZ,25,DG MML1,-275.2732308,-1466.120986,,
m28_ptenblind,Base,PTEN,m28s2,GZ,26,DG MML1,-275.2732308,-1466.120986,,
m28_ptenblind,Base,PTEN,m28s2,GZ,27,DG MML1,-499.1506761,-1866.976754,,
m28_ptenblind,Base,PTEN,m28s2,GZ,28,DG MML1,-499.1506761,-1866.976754,,
m28_ptenblind,Base,PTEN,m28s2,GZ,29,DG GCL1,-342.1067269,-1788.11683,,
m28_ptenblind,Base,PTEN,m28s2,GZ,30,DG GCL1,-342.1067269,-1788.11683,,
m28_ptenblind,Base,PTEN,m28s2,GZ,31,DG GCL1,-30.01157699,-1372.057305,,
m28_ptenblind,Base,PTEN,m28s2,GZ,32,DG GCL1,-30.01157699,-1372.057305,,
m28_ptenblind,Base,PTEN,m28s2,GZ,33,HIL,215.2559834,-919.4734917,,
m28_ptenblind,Base,PTEN,m28s2,GZ,34,HIL,215.2559834,-919.4734917,,
m28_ptenblind,Base,PTEN,m28s2,GZ,35,HIL,160.5491638,-672.4336343,,
m28_ptenblind,Base,PTEN,m28s2,GZ,36,HIL,160.5491638,-672.4336343,,
m28_ptenblind,Base,PTEN,m28s2,GZ,37,HIL,237.3168699,-573.1677696,,
m28_ptenblind,Base,PTEN,m28s2,GZ,38,HIL,237.3168699,-573.1677696,,
m28_ptenblind,Base,PTEN,m28s2,GZ,39,HIL,144.1638085,-720.8321993,,
m28_ptenblind,Base,PTEN,m28s2,GZ,40,HIL,144.1638085,-720.8321993,,
m28_ptenblind,Base,PTEN,m28s2,GZ,41,HIL,-34.34704196,-1021.766412,,
m28_ptenblind,Base,PTEN,m28s2,GZ,42,HIL,-34.34704196,-1021.766412,,
m28_ptenblind,Base,PTEN,m28s2,GZ,43,HIL,73.87272004,-1297.630373,,
m28_ptenblind,Base,PTEN,m28s2,GZ,44,HIL,73.87272004,-1297.630373,,
m28_ptenblind,Base,PTEN,m28s2,GZ,45,DG GCL2,-524.8411855,-1638.414789,,
m28_ptenblind,Base,PTEN,m28s2,GZ,46,DG GCL2,-524.8411855,-1638.414789,,
m28_ptenblind,Base,PTEN,m28s2,GZ,47,DG GCL2,-537.2174171,-1448.919015,,
m28_ptenblind,Base,PTEN,m28s2,GZ,48,DG GCL2,-537.2174171,-1448.919015,,
m28_ptenblind,Base,PTEN,m28s2,GZ,49,DG GCL2,87.584957,-716.6400972,,
m28_ptenblind,Base,PTEN,m28s2,GZ,50,DG GCL2,87.584957,-716.6400972,,
m28_ptenblind,Base,PTEN,m28s2,GZ,51,DG MML2,253.6741687,-81.36186443,,
m28_ptenblind,Base,PTEN,m28s2,GZ,52,DG MML2,253.6741687,-81.36186443,,
m28_ptenblind,Base,PTEN,m28s2,GZ,53,DG MML2,311.4059202,305.1054908,,
m28_ptenblind,Base,PTEN,m28s2,GZ,54,DG MML2,311.4059202,305.1054908,,
m28_ptenblind,Base,PTEN,m28s2,GZ,55,DG OML2,18.69632352,377.00947,,
m28_ptenblind,Base,PTEN,m28s2,GZ,56,DG OML2,18.69632352,377.00947,,
m28_ptenblind,Base,PTEN,m28s2,GZ,57,DG OML2,57.88089383,428.4891222,,
m28_ptenblind,Base,PTEN,m28s2,GZ,58,DG,57.88089383,428.4891222,,
m28_ptenblind,Base,PTEN,m28s2,GZ,59,DG,-1.058393909,425.9605408,,
m28_ptenblind,Base,PTEN,m28s2,GZ,60,DG,-1.058393909,425.9605408,,
m28_ptenblind,Base,PTEN,m28s2,GZ,61,DG,28.39426841,424.6167042,,
m28_ptenblind,Base,PTEN,m28s2,GZ,62,DG,28.39426841,424.6167042,,
m28_ptenblind,Base,PTEN,m28s2,GZ,63,DG,28.39426841,390.5253176,,
m28_ptenblind,Base,PTEN,m28s2,GZ,64,DG,28.39426841,390.5253176,,
m28_ptenblind,CNO,PTEN,m28s7,AS,1,CA1 SP,-49.58180576,-255.8583145,,
m28_ptenblind,CNO,PTEN,m28s7,AS,2,CA1 SP,-49.58180576,-255.8583145,,
m28_ptenblind,CNO,PTEN,m28s7,AS,3,CA1 SP,-49.58180576,-344.1060727,,
m28_ptenblind,CNO,PTEN,m28s7,AS,4,CA1 SP,-49.58180576,-344.1060727,,
m28_ptenblind,CNO,PTEN,m28s7,AS,5,CA1,-1.950617641,-385.5858957,,
m28_ptenblind,CNO,PTEN,m28s7,AS,6,CA1,-1.950617641,-385.5858957,,
m28_ptenblind,CNO,PTEN,m28s7,AS,7,CA1,26.06320686,-417.5764456,,
m28_ptenblind,CNO,PTEN,m28s7,AS,8,CA1,26.06320686,-417.5764456,,
m28_ptenblind,CNO,PTEN,m28s7,AS,9,CA1,-39.95458305,-484.0086545,,
m28_ptenblind,CNO,PTEN,m28s7,AS,10,CA1,-39.95458305,-484.0086545,,
m28_ptenblind,CNO,PTEN,m28s7,AS,11,CA1 SLM,-35.08768301,-506.2580029,,
m28_ptenblind,CNO,PTEN,m28s7,AS,12,CA1 SLM,-35.08768301,-506.2580029,,
m28_ptenblind,CNO,PTEN,m28s7,AS,13,CA1 SLM,-22.050399,-493.559865,,
m28_ptenblind,CNO,PTEN,m28s7,AS,14,CA1 SLM,-22.050399,-493.559865,,
m28_ptenblind,CNO,PTEN,m28s7,AS,15,CA1 SLM,18.79497928,-459.2288322,,
m28_ptenblind,CNO,PTEN,m28s7,AS,16,CA1 SLM,18.79497928,-459.2288322,,
m28_ptenblind,CNO,PTEN,m28s7,AS,17,DG OML1,32.0492864,-447.307183,,
m28_ptenblind,CNO,PTEN,m28s7,AS,18,DG OML1,32.0492864,-447.307183,,
m28_ptenblind,CNO,PTEN,m28s7,AS,19,DG OML1,79.29105344,-471.8665681,,
m28_ptenblind,CNO,PTEN,m28s7,AS,20,DG OML1,79.29105344,-471.8665681,,
m28_ptenblind,CNO,PTEN,m28s7,AS,21,DG MML1,261.9753055,-586.8163366,,
m28_ptenblind,CNO,PTEN,m28s7,AS,22,DG MML1,261.9753055,-586.8163366,,
m28_ptenblind,CNO,PTEN,m28s7,AS,23,DG MML1,68.80059693,-956.3984297,,
m28_ptenblind,CNO,PTEN,m28s7,AS,24,DG MML1,68.80059693,-956.3984297,,
m28_ptenblind,CNO,PTEN,m28s7,AS,25,DG GCL1,-634.7990987,-1331.456948,,
m28_ptenblind,CNO,PTEN,m28s7,AS,26,DG GCL1,-634.7990987,-1331.456948,,
m28_ptenblind,CNO,PTEN,m28s7,AS,27,DG GCL1,-658.455617,-976.4318743,,
m28_ptenblind,CNO,PTEN,m28s7,AS,28,DG GCL1,-658.455617,-976.4318743,,
m28_ptenblind,CNO,PTEN,m28s7,AS,29,DG GCL1,64.25602418,66.56862789,,
m28_ptenblind,CNO,PTEN,m28s7,AS,30,HIL,64.25602418,66.56862789,,
m28_ptenblind,CNO,PTEN,m28s7,AS,31,HIL,636.2255077,1015.489467,,
m28_ptenblind,CNO,PTEN,m28s7,AS,32,HIL,636.2255077,1015.489467,,
m28_ptenblind,CNO,PTEN,m28s7,AS,33,HIL,8.63084037,1342.590562,,
m28_ptenblind,CNO,PTEN,m28s7,AS,34,HIL,8.63084037,1342.590562,,
m28_ptenblind,CNO,PTEN,m28s7,AS,35,HIL,98.70872595,1559.167783,,
m28_ptenblind,CNO,PTEN,m28s7,AS,36,HIL,98.70872595,1559.167783,,
m28_ptenblind,CNO,PTEN,m28s7,AS,37,HIL,397.5100847,1625.430523,,
m28_ptenblind,CNO,PTEN,m28s7,AS,38,HIL,397.5100847,1625.430523,,
m28_ptenblind,CNO,PTEN,m28s7,AS,39,HIL,-217.0499816,1272.150538,,
m28_ptenblind,CNO,PTEN,m28s7,AS,40,HIL,-217.0499816,1272.150538,,
m28_ptenblind,CNO,PTEN,m28s7,AS,41,HIL,317.0119039,1034.504166,,
m28_ptenblind,CNO,PTEN,m28s7,AS,42,HIL,317.0119039,1034.504166,,
m28_ptenblind,CNO,PTEN,m28s7,AS,43,HIL,763.3405866,475.9038791,,
m28_ptenblind,CNO,PTEN,m28s7,AS,44,HIL,763.3405866,475.9038791,,
m28_ptenblind,CNO,PTEN,m28s7,AS,45,DG GCL2,-848.2997533,-929.9169833,,
m28_ptenblind,CNO,PTEN,m28s7,AS,46,DG GCL2,-848.2997533,-929.9169833,,
m28_ptenblind,CNO,PTEN,m28s7,AS,47,DG GCL2,-588.9141249,-1432.135839,,
m28_ptenblind,CNO,PTEN,m28s7,AS,48,DG GCL2,-588.9141249,-1432.135839,,
m28_ptenblind,CNO,PTEN,m28s7,AS,49,DG GCL2,-204.0125171,-1256.581247,,
m28_ptenblind,CNO,PTEN,m28s7,AS,50,DG GCL2,-204.0125171,-1256.581247,,
m28_ptenblind,CNO,PTEN,m28s7,AS,51,DG MML2,206.7172155,-792.1555389,,
m28_ptenblind,CNO,PTEN,m28s7,AS,52,DG MML2,206.7172155,-792.1555389,,
m28_ptenblind,CNO,PTEN,m28s7,AS,53,DG MML2,172.1568876,-520.7255826,,
m28_ptenblind,CNO,PTEN,m28s7,AS,54,DG MML2,172.1568876,-520.7255826,,
m28_ptenblind,CNO,PTEN,m28s7,AS,55,DG OML2,-10.18598805,-420.9046898,,
m28_ptenblind,CNO,PTEN,m28s7,AS,56,DG OML2,-10.18598805,-420.9046898,,
m28_ptenblind,CNO,PTEN,m28s7,AS,57,DG OML2,36.67818738,-323.6090712,,
m28_ptenblind,CNO,PTEN,m28s7,AS,58,DG,36.67818738,-323.6090712,,
m28_ptenblind,CNO,PTEN,m28s7,AS,59,DG,18.92776684,-270.0660674,,
m28_ptenblind,CNO,PTEN,m28s7,AS,60,DG,18.92776684,-270.0660674,,
m28_ptenblind,CNO,PTEN,m28s7,AS,61,DG,19.05085181,-238.0975272,,
m28_ptenblind,CNO,PTEN,m28s7,AS,62,DG,19.05085181,-238.0975272,,
m28_ptenblind,CNO,PTEN,m28s7,AS,63,DG,19.05085181,-228.2914759,,
m28_ptenblind,CNO,PTEN,m28s7,AS,64,DG,19.05085181,-228.2914759,,
m28_ptenblind,CNO,PTEN,m28s7,GZ,1,CA1 SP,-27.28240721,-21.34682702,,
m28_ptenblind,CNO,PTEN,m28s7,GZ,2,CA1 SP,-27.28240721,-21.34682702,,
m28_ptenblind,CNO,PTEN,m28s7,GZ,3,CA1 SP,-27.28240721,-77.13439816,,
m28_ptenblind,CNO,PTEN,m28s7,GZ,4,CA1 SP,-27.28240721,-77.13439816,,
m28_ptenblind,CNO,PTEN,m28s7,GZ,5,CA1,1.651394752,-102.4388485,,
m28_ptenblind,CNO,PTEN,m28s7,GZ,6,CA1,1.651394752,-102.4388485,,
m28_ptenblind,CNO,PTEN,m28s7,GZ,7,CA1,3.76793646,-128.5684304,,
m28_ptenblind,CNO,PTEN,m28s7,GZ,8,CA1,3.76793646,-128.5684304,,
m28_ptenblind,CNO,PTEN,m28s7,GZ,9,CA1,-32.72038121,-172.6160831,,
m28_ptenblind,CNO,PTEN,m28s7,GZ,10,CA1,-32.72038121,-172.6160831,,
m28_ptenblind,CNO,PTEN,m28s7,GZ,11,CA1 SLM,-42.70165966,-179.8579107,,
m28_ptenblind,CNO,PTEN,m28s7,GZ,12,CA1 SLM,-42.70165966,-179.8579107,,
m28_ptenblind,CNO,PTEN,m28s7,GZ,13,CA1 SLM,-48.56835642,-146.6232675,,
m28_ptenblind,CNO,PTEN,m28s7,GZ,14,CA1 SLM,-48.56835642,-146.6232675,,
m28_ptenblind,CNO,PTEN,m28s7,GZ,15,CA1 SLM,16.74590572,-64.56812874,,
m28_ptenblind,CNO,PTEN,m28s7,GZ,16,CA1 SLM,16.74590572,-64.56812874,,
m28_ptenblind,CNO,PTEN,m28s7,GZ,17,DG OML1,106.2012949,14.69827871,,
m28_ptenblind,CNO,PTEN,m28s7,GZ,18,DG OML1,106.2012949,14.69827871,,
m28_ptenblind,CNO,PTEN,m28s7,GZ,19,DG OML1,353.7998199,-61.16935855,,
m28_ptenblind,CNO,PTEN,m28s7,GZ,20,DG OML1,353.7998199,-61.16935855,,
m28_ptenblind,CNO,PTEN,m28s7,GZ,21,DG MML1,563.0204601,-432.6109339,,
m28_ptenblind,CNO,PTEN,m28s7,GZ,22,DG MML1,563.0204601,-432.6109339,,
m28_ptenblind,CNO,PTEN,m28s7,GZ,23,DG MML1,208.8626739,-1258.600829,,
m28_ptenblind,CNO,PTEN,m28s7,GZ,24,DG MML1,208.8626739,-1258.600829,,
m28_ptenblind,CNO,PTEN,m28s7,GZ,25,DG GCL1,-818.0089151,-2116.364213,,
m28_ptenblind,CNO,PTEN,m28s7,GZ,26,DG GCL1,-818.0089151,-2116.364213,,
m28_ptenblind,CNO,PTEN,m28s7,GZ,27,DG GCL1,-487.1803407,-2082.684032,,
m28_ptenblind,CNO,PTEN,m28s7,GZ,28,DG GCL1,-487.1803407,-2082.684032,,
m28_ptenblind,CNO,PTEN,m28s7,GZ,29,DG GCL1,-130.7779128,-1430.393375,,
m28_ptenblind,CNO,PTEN,m28s7,GZ,30,HIL,-130.7779128,-1430.393375,,
m28_ptenblind,CNO,PTEN,m28s7,GZ,31,HIL,75.67750254,-829.1776376,,
m28_ptenblind,CNO,PTEN,m28s7,GZ,32,HIL,75.67750254,-829.1776376,,
m28_ptenblind,CNO,PTEN,m28s7,GZ,33,HIL,186.3750335,-502.3704591,,
m28_ptenblind,CNO,PTEN,m28s7,GZ,34,HIL,186.3750335,-502.3704591,,
m28_ptenblind,CNO,PTEN,m28s7,GZ,35,HIL,44.97878782,-424.1626614,,
m28_ptenblind,CNO,PTEN,m28s7,GZ,36,HIL,44.97878782,-424.1626614,,
m28_ptenblind,CNO,PTEN,m28s7,GZ,37,HIL,182.0868831,-395.8885318,,
m28_ptenblind,CNO,PTEN,m28s7,GZ,38,HIL,182.0868831,-395.8885318,,
m28_ptenblind,CNO,PTEN,m28s7,GZ,39,HIL,-90.60496669,-669.0323626,,
m28_ptenblind,CNO,PTEN,m28s7,GZ,40,HIL,-90.60496669,-669.0323626,,
m28_ptenblind,CNO,PTEN,m28s7,GZ,41,HIL,5.867496614,-867.2125144,,
m28_ptenblind,CNO,PTEN,m28s7,GZ,42,HIL,5.867496614,-867.2125144,,
m28_ptenblind,CNO,PTEN,m28s7,GZ,43,HIL,-104.3735627,-1215.828223,,
m28_ptenblind,CNO,PTEN,m28s7,GZ,44,HIL,-104.3735627,-1215.828223,,
m28_ptenblind,CNO,PTEN,m28s7,GZ,45,DG GCL2,-542.5358434,-1857.196808,,
m28_ptenblind,CNO,PTEN,m28s7,GZ,46,DG GCL2,-542.5358434,-1857.196808,,
m28_ptenblind,CNO,PTEN,m28s7,GZ,47,DG GCL2,-494.8174877,-1749.87621,,
m28_ptenblind,CNO,PTEN,m28s7,GZ,48,DG GCL2,-494.8174877,-1749.87621,,
m28_ptenblind,CNO,PTEN,m28s7,GZ,49,DG GCL2,159.5400533,-987.6855631,,
m28_ptenblind,CNO,PTEN,m28s7,GZ,50,DG GCL2,159.5400533,-987.6855631,,
m28_ptenblind,CNO,PTEN,m28s7,GZ,51,DG MML2,379.9001017,-80.62750394,,
m28_ptenblind,CNO,PTEN,m28s7,GZ,52,DG MML2,379.9001017,-80.62750394,,
m28_ptenblind,CNO,PTEN,m28s7,GZ,53,DG MML2,332.7016523,444.8232182,,
m28_ptenblind,CNO,PTEN,m28s7,GZ,54,DG MML2,332.7016523,444.8232182,,
m28_ptenblind,CNO,PTEN,m28s7,GZ,55,DG OML2,92.09842067,638.3153884,,
m28_ptenblind,CNO,PTEN,m28s7,GZ,56,DG OML2,92.09842067,638.3153884,,
m28_ptenblind,CNO,PTEN,m28s7,GZ,57,DG OML2,70.05697681,743.6475597,,
m28_ptenblind,CNO,PTEN,m28s7,GZ,58,DG,70.05697681,743.6475597,,
m28_ptenblind,CNO,PTEN,m28s7,GZ,59,DG,43.68449796,778.3995144,,
m28_ptenblind,CNO,PTEN,m28s7,GZ,60,DG,43.68449796,778.3995144,,
m28_ptenblind,CNO,PTEN,m28s7,GZ,61,DG,6.46345077,762.3903243,,
m28_ptenblind,CNO,PTEN,m28s7,GZ,62,DG,6.46345077,762.3903243,,
m28_ptenblind,CNO,PTEN,m28s7,GZ,63,DG,6.46345077,705.5582453,,
m28_ptenblind,CNO,PTEN,m28s7,GZ,64,DG,6.46345077,705.5582453,,
M34_ptenblind,Base,PTEN,m34s5,AS,1,CA1,-0.058030228,-55.50780237,,
M34_ptenblind,Base,PTEN,m34s5,AS,2,CA1,-0.058030228,-55.50780237,,
M34_ptenblind,Base,PTEN,m34s5,AS,3,CA1,-0.058030228,-59.84471745,,
M34_ptenblind,Base,PTEN,m34s5,AS,4,CA1 SP,-0.058030228,-59.84471745,,
M34_ptenblind,Base,PTEN,m34s5,AS,5,CA1 SP,7.110673753,-63.78275131,,
M34_ptenblind,Base,PTEN,m34s5,AS,6,CA1 SP,7.110673753,-63.78275131,,
M34_ptenblind,Base,PTEN,m34s5,AS,7,CA1 SP,-1.963232484,-74.37570659,,
M34_ptenblind,Base,PTEN,m34s5,AS,8,CA1 SP,-1.963232484,-74.37570659,,
M34_ptenblind,Base,PTEN,m34s5,AS,9,CA1,3.98195857,-83.95088164,,
M34_ptenblind,Base,PTEN,m34s5,AS,10,CA1,3.98195857,-83.95088164,,
M34_ptenblind,Base,PTEN,m34s5,AS,11,CA1,-5.276497063,-97.69943047,,
M34_ptenblind,Base,PTEN,m34s5,AS,12,CA1,-5.276497063,-97.69943047,,
M34_ptenblind,Base,PTEN,m34s5,AS,13,CA1,-1.766195078,-106.5061577,,
M34_ptenblind,Base,PTEN,m34s5,AS,14,CA1,-1.766195078,-106.5061577,,
M34_ptenblind,Base,PTEN,m34s5,AS,15,CA1,-7.431888824,-113.0836455,,
M34_ptenblind,Base,PTEN,m34s5,AS,16,CA1 SLM,-7.431888824,-113.0836455,,
M34_ptenblind,Base,PTEN,m34s5,AS,17,CA1 SLM,-10.8221498,-108.9090054,,
M34_ptenblind,Base,PTEN,m34s5,AS,18,CA1 SLM,-10.8221498,-108.9090054,,
M34_ptenblind,Base,PTEN,m34s5,AS,19,CA1 SLM,-8.901181428,-94.84109839,,
M34_ptenblind,Base,PTEN,m34s5,AS,20,CA1 SLM,-8.901181428,-94.84109839,,
M34_ptenblind,Base,PTEN,m34s5,AS,21,DG OML1,20.0998838,-72.1864819,,
M34_ptenblind,Base,PTEN,m34s5,AS,22,DG OML1,20.0998838,-72.1864819,,
M34_ptenblind,Base,PTEN,m34s5,AS,23,DG OML1,95.31310879,-71.77481117,,
M34_ptenblind,Base,PTEN,m34s5,AS,24,DG OML1,95.31310879,-71.77481117,,
M34_ptenblind,Base,PTEN,m34s5,AS,25,DG OML1,100.4211738,-169.897309,,
M34_ptenblind,Base,PTEN,m34s5,AS,26,DG MML1,100.4211738,-169.897309,,
M34_ptenblind,Base,PTEN,m34s5,AS,27,DG MML1,63.64952146,-368.9698659,,
M34_ptenblind,Base,PTEN,m34s5,AS,28,DG MML1,63.64952146,-368.9698659,,
M34_ptenblind,Base,PTEN,m34s5,AS,29,DG GCL1,-184.5605562,-625.4860652,,
M34_ptenblind,Base,PTEN,m34s5,AS,30,DG GCL1,-184.5605562,-625.4860652,,
M34_ptenblind,Base,PTEN,m34s5,AS,31,DG GCL1,-194.0468791,-678.7794438,,
M34_ptenblind,Base,PTEN,m34s5,AS,32,DG GCL1,-194.0468791,-678.7794438,,
M34_ptenblind,Base,PTEN,m34s5,AS,33,DG GCL1,-126.5486695,-536.2042312,,
M34_ptenblind,Base,PTEN,m34s5,AS,34,DG GCL1,-126.5486695,-536.2042312,,
M34_ptenblind,Base,PTEN,m34s5,AS,35,HIL,-13.65899674,-270.1816163,,
M34_ptenblind,Base,PTEN,m34s5,AS,36,HIL,-13.65899674,-270.1816163,,
M34_ptenblind,Base,PTEN,m34s5,AS,37,HIL,157.4812399,1.597234322,,
M34_ptenblind,Base,PTEN,m34s5,AS,38,HIL,157.4812399,1.597234322,,
M34_ptenblind,Base,PTEN,m34s5,AS,39,HIL,100.6839684,108.4968282,,
M34_ptenblind,Base,PTEN,m34s5,AS,40,HIL,100.6839684,108.4968282,,
M34_ptenblind,Base,PTEN,m34s5,AS,41,HIL,36.98320706,110.9788823,,
M34_ptenblind,Base,PTEN,m34s5,AS,42,HIL,36.98320706,110.9788823,,
M34_ptenblind,Base,PTEN,m34s5,AS,43,HIL,130.664562,73.14664595,,
M34_ptenblind,Base,PTEN,m34s5,AS,44,HIL,130.664562,73.14664595,,
M34_ptenblind,Base,PTEN,m34s5,AS,45,HIL,82.11101717,-101.9035118,,
M34_ptenblind,Base,PTEN,m34s5,AS,46,HIL,82.11101717,-101.9035118,,
M34_ptenblind,Base,PTEN,m34s5,AS,47,HIL,38.71525523,-364.9787745,,
M34_ptenblind,Base,PTEN,m34s5,AS,48,HIL,38.71525523,-364.9787745,,
M34_ptenblind,Base,PTEN,m34s5,AS,49,DG GCL2,-64.40871451,-675.4662605,,
M34_ptenblind,Base,PTEN,m34s5,AS,50,DG GCL2,-64.40871451,-675.4662605,,
M34_ptenblind,Base,PTEN,m34s5,AS,51,DG GCL2,-201.6518829,-931.173934,,
M34_ptenblind,Base,PTEN,m34s5,AS,52,DG GCL2,-201.6518829,-931.173934,,
M34_ptenblind,Base,PTEN,m34s5,AS,53,DG GCL2,-340.2754059,-975.1407734,,
M34_ptenblind,Base,PTEN,m34s5,AS,54,DG GCL2,-340.2754059,-975.1407734,,
M34_ptenblind,Base,PTEN,m34s5,AS,55,DG GCL2,-72.91426012,-661.8013501,,
M34_ptenblind,Base,PTEN,m34s5,AS,56,DG GCL2,-72.91426012,-661.8013501,,
M34_ptenblind,Base,PTEN,m34s5,AS,57,DG GCL2,46.76139812,-258.3435185,,
M34_ptenblind,Base,PTEN,m34s5,AS,58,DG GCL2,46.76139812,-258.3435185,,
M34_ptenblind,Base,PTEN,m34s5,AS,59,DG MML2,235.3858655,104.7836874,,
M34_ptenblind,Base,PTEN,m34s5,AS,60,DG MML2,235.3858655,104.7836874,,
M34_ptenblind,Base,PTEN,m34s5,AS,61,DG MML2,111.4906643,225.7603056,,
M34_ptenblind,Base,PTEN,m34s5,AS,62,DG MML2,111.4906643,225.7603056,,
M34_ptenblind,Base,PTEN,m34s5,AS,63,DG MML2,111.4906643,226.5761126,,
M34_ptenblind,Base,PTEN,m34s5,AS,64,DG MML2,111.4906643,226.5761126,,
M34_ptenblind,Base,PTEN,m34s5,GZ,1,CA1,-2.10620511,-65.27960105,,
M34_ptenblind,Base,PTEN,m34s5,GZ,2,CA1,-2.10620511,-65.27960105,,
M34_ptenblind,Base,PTEN,m34s5,GZ,3,CA1,-2.10620511,-67.17669378,,
M34_ptenblind,Base,PTEN,m34s5,GZ,4,CA1 SP,-2.10620511,-67.17669378,,
M34_ptenblind,Base,PTEN,m34s5,GZ,5,CA1 SP,4.337433846,-67.64696465,,
M34_ptenblind,Base,PTEN,m34s5,GZ,6,CA1 SP,4.337433846,-67.64696465,,
M34_ptenblind,Base,PTEN,m34s5,GZ,7,CA1 SP,-0.1580023,-72.52902672,,
M34_ptenblind,Base,PTEN,m34s5,GZ,8,CA1 SP,-0.1580023,-72.52902672,,
M34_ptenblind,Base,PTEN,m34s5,GZ,9,CA1,5.707279328,-76.64814933,,
M34_ptenblind,Base,PTEN,m34s5,GZ,10,CA1,5.707279328,-76.64814933,,
M34_ptenblind,Base,PTEN,m34s5,GZ,11,CA1,-11.59323415,-89.56533964,,
M34_ptenblind,Base,PTEN,m34s5,GZ,12,CA1,-11.59323415,-89.56533964,,
M34_ptenblind,Base,PTEN,m34s5,GZ,13,CA1,-1.467304845,-86.52483831,,
M34_ptenblind,Base,PTEN,m34s5,GZ,14,CA1,-1.467304845,-86.52483831,,
M34_ptenblind,Base,PTEN,m34s5,GZ,15,CA1,-13.10237761,-84.19724761,,
M34_ptenblind,Base,PTEN,m34s5,GZ,16,CA1 SLM,-13.10237761,-84.19724761,,
M34_ptenblind,Base,PTEN,m34s5,GZ,17,CA1 SLM,-5.160916236,-68.36262687,,
M34_ptenblind,Base,PTEN,m34s5,GZ,18,CA1 SLM,-5.160916236,-68.36262687,,
M34_ptenblind,Base,PTEN,m34s5,GZ,19,CA1 SLM,-1.491915795,-44.0786393,,
M34_ptenblind,Base,PTEN,m34s5,GZ,20,CA1 SLM,-1.491915795,-44.0786393,,
M34_ptenblind,Base,PTEN,m34s5,GZ,21,DG OML1,53.32897555,-18.48114514,,
M34_ptenblind,Base,PTEN,m34s5,GZ,22,DG OML1,53.32897555,-18.48114514,,
M34_ptenblind,Base,PTEN,m34s5,GZ,23,DG OML1,156.6240864,-43.26091829,,
M34_ptenblind,Base,PTEN,m34s5,GZ,24,DG OML1,156.6240864,-43.26091829,,
M34_ptenblind,Base,PTEN,m34s5,GZ,25,DG OML1,110.2865896,-219.4078789,,
M34_ptenblind,Base,PTEN,m34s5,GZ,26,DG MML1,110.2865896,-219.4078789,,
M34_ptenblind,Base,PTEN,m34s5,GZ,27,DG MML1,73.11667165,-511.9518843,,
M34_ptenblind,Base,PTEN,m34s5,GZ,28,DG MML1,73.11667165,-511.9518843,,
M34_ptenblind,Base,PTEN,m34s5,GZ,29,DG GCL1,-274.4839576,-867.3243288,,
M34_ptenblind,Base,PTEN,m34s5,GZ,30,DG GCL1,-274.4839576,-867.3243288,,
M34_ptenblind,Base,PTEN,m34s5,GZ,31,DG GCL1,-253.9667929,-950.2510946,,
M34_ptenblind,Base,PTEN,m34s5,GZ,32,DG GCL1,-253.9667929,-950.2510946,,
M34_ptenblind,Base,PTEN,m34s5,GZ,33,DG GCL1,-114.8130355,-778.4899102,,
M34_ptenblind,Base,PTEN,m34s5,GZ,34,DG GCL1,-114.8130355,-778.4899102,,
M34_ptenblind,Base,PTEN,m34s5,GZ,35,HIL,54.69931326,-493.9762803,,
M34_ptenblind,Base,PTEN,m34s5,GZ,36,HIL,54.69931326,-493.9762803,,
M34_ptenblind,Base,PTEN,m34s5,GZ,37,HIL,111.4413354,-263.4019695,,
M34_ptenblind,Base,PTEN,m34s5,GZ,38,HIL,111.4413354,-263.4019695,,
M34_ptenblind,Base,PTEN,m34s5,GZ,39,HIL,114.4822644,-156.0321245,,
M34_ptenblind,Base,PTEN,m34s5,GZ,40,HIL,114.4822644,-156.0321245,,
M34_ptenblind,Base,PTEN,m34s5,GZ,41,HIL,37.66705913,-163.4966741,,
M34_ptenblind,Base,PTEN,m34s5,GZ,42,HIL,37.66705913,-163.4966741,,
M34_ptenblind,Base,PTEN,m34s5,GZ,43,HIL,67.6471341,-215.4788658,,
M34_ptenblind,Base,PTEN,m34s5,GZ,44,HIL,67.6471341,-215.4788658,,
M34_ptenblind,Base,PTEN,m34s5,GZ,45,HIL,65.29580393,-353.3677898,,
M34_ptenblind,Base,PTEN,m34s5,GZ,46,HIL,65.29580393,-353.3677898,,
M34_ptenblind,Base,PTEN,m34s5,GZ,47,HIL,71.96487919,-550.8452869,,
M34_ptenblind,Base,PTEN,m34s5,GZ,48,HIL,71.96487919,-550.8452869,,
M34_ptenblind,Base,PTEN,m34s5,GZ,49,DG GCL2,-7.742604902,-826.4035084,,
M34_ptenblind,Base,PTEN,m34s5,GZ,50,DG GCL2,-7.742604902,-826.4035084,,
M34_ptenblind,Base,PTEN,m34s5,GZ,51,DG GCL2,-221.0092852,-1094.484173,,
M34_ptenblind,Base,PTEN,m34s5,GZ,52,DG GCL2,-221.0092852,-1094.484173,,
M34_ptenblind,Base,PTEN,m34s5,GZ,53,DG GCL2,-490.4347081,-1124.919203,,
M34_ptenblind,Base,PTEN,m34s5,GZ,54,DG GCL2,-490.4347081,-1124.919203,,
M34_ptenblind,Base,PTEN,m34s5,GZ,55,DG GCL2,-93.86468703,-659.9433774,,
M34_ptenblind,Base,PTEN,m34s5,GZ,56,DG GCL2,-93.86468703,-659.9433774,,
M34_ptenblind,Base,PTEN,m34s5,GZ,57,DG GCL2,44.6964387,-93.88232622,,
M34_ptenblind,Base,PTEN,m34s5,GZ,58,DG GCL2,44.6964387,-93.88232622,,
M34_ptenblind,Base,PTEN,m34s5,GZ,59,DG MML2,326.4297978,426.8433618,,
M34_ptenblind,Base,PTEN,m34s5,GZ,60,DG MML2,326.4297978,426.8433618,,
M34_ptenblind,Base,PTEN,m34s5,GZ,61,DG MML2,203.7737446,618.381938,,
M34_ptenblind,Base,PTEN,m34s5,GZ,62,DG MML2,203.7737446,618.381938,,
M34_ptenblind,Base,PTEN,m34s5,GZ,63,DG MML2,203.7737446,607.0609171,,
M34_ptenblind,Base,PTEN,m34s5,GZ,64,DG MML2,203.7737446,607.0609171,,
M34_ptenblind,CNO,PTEN,m34s8,AS,1,CA1 SP,3.156512159,-84.73295111,,
M34_ptenblind,CNO,PTEN,m34s8,AS,2,CA1 SP,3.156512159,-84.73295111,,
M34_ptenblind,CNO,PTEN,m34s8,AS,3,CA1 SP,3.156512159,-82.37309391,,
M34_ptenblind,CNO,PTEN,m34s8,AS,4,CA1 SP,3.156512159,-82.37309391,,
M34_ptenblind,CNO,PTEN,m34s8,AS,5,CA1,9.586410885,-83.2268625,,
M34_ptenblind,CNO,PTEN,m34s8,AS,6,CA1,9.586410885,-83.2268625,,
M34_ptenblind,CNO,PTEN,m34s8,AS,7,CA1,-5.517816735,-93.47094596,,
M34_ptenblind,CNO,PTEN,m34s8,AS,8,CA1,-5.517816735,-93.47094596,,
M34_ptenblind,CNO,PTEN,m34s8,AS,9,CA1,10.05260396,-99.73338093,,
M34_ptenblind,CNO,PTEN,m34s8,AS,10,CA1,10.05260396,-99.73338093,,
M34_ptenblind,CNO,PTEN,m34s8,AS,11,CA1,1.158106967,-117.6328902,,
M34_ptenblind,CNO,PTEN,m34s8,AS,12,CA1,1.158106967,-117.6328902,,
M34_ptenblind,CNO,PTEN,m34s8,AS,13,CA1,-9.209696638,-138.2249833,,
M34_ptenblind,CNO,PTEN,m34s8,AS,14,CA1 SLM,-9.209696638,-138.2249833,,
M34_ptenblind,CNO,PTEN,m34s8,AS,15,CA1 SLM,-19.33873392,-147.697191,,
M34_ptenblind,CNO,PTEN,m34s8,AS,16,CA1 SLM,-19.33873392,-147.697191,,
M34_ptenblind,CNO,PTEN,m34s8,AS,17,CA1 SLM,-31.67360004,-134.1709935,,
M34_ptenblind,CNO,PTEN,m34s8,AS,18,CA1 SLM,-31.67360004,-134.1709935,,
M34_ptenblind,CNO,PTEN,m34s8,AS,19,CA1 SLM,-0.157984496,-83.9440889,,
M34_ptenblind,CNO,PTEN,m34s8,AS,20,DG OML1,-0.157984496,-83.9440889,,
M34_ptenblind,CNO,PTEN,m34s8,AS,21,DG OML1,9.572361872,-34.84202929,,
M34_ptenblind,CNO,PTEN,m34s8,AS,22,DG OML1,9.572361872,-34.84202929,,
M34_ptenblind,CNO,PTEN,m34s8,AS,23,DG OML1,31.71166618,2.411738895,,
M34_ptenblind,CNO,PTEN,m34s8,AS,24,DG OML1,31.71166618,2.411738895,,
M34_ptenblind,CNO,PTEN,m34s8,AS,25,DG MML1,84.87895147,3.399553282,,
M34_ptenblind,CNO,PTEN,m34s8,AS,26,DG MML1,84.87895147,3.399553282,,
M34_ptenblind,CNO,PTEN,m34s8,AS,27,DG MML1,120.1336449,-91.35291388,,
M34_ptenblind,CNO,PTEN,m34s8,AS,28,DG MML1,120.1336449,-91.35291388,,
M34_ptenblind,CNO,PTEN,m34s8,AS,29,DG MML1,70.91858111,-314.2454535,,
M34_ptenblind,CNO,PTEN,m34s8,AS,30,DG MML1,70.91858111,-314.2454535,,
M34_ptenblind,CNO,PTEN,m34s8,AS,31,DG GCL1,-126.0138258,-598.7037066,,
M34_ptenblind,CNO,PTEN,m34s8,AS,32,DG GCL1,-126.0138258,-598.7037066,,
M34_ptenblind,CNO,PTEN,m34s8,AS,33,DG GCL1,-143.6289131,-721.8731223,,
M34_ptenblind,CNO,PTEN,m34s8,AS,34,DG GCL1,-143.6289131,-721.8731223,,
M34_ptenblind,CNO,PTEN,m34s8,AS,35,DG GCL1,-212.8106683,-679.6326878,,
M34_ptenblind,CNO,PTEN,m34s8,AS,36,DG GCL1,-212.8106683,-679.6326878,,
M34_ptenblind,CNO,PTEN,m34s8,AS,37,HIL,24.56426429,-398.8336135,,
M34_ptenblind,CNO,PTEN,m34s8,AS,38,HIL,24.56426429,-398.8336135,,
M34_ptenblind,CNO,PTEN,m34s8,AS,39,HIL,134.4115564,-149.174571,,
M34_ptenblind,CNO,PTEN,m34s8,AS,40,HIL,134.4115564,-149.174571,,
M34_ptenblind,CNO,PTEN,m34s8,AS,41,HIL,44.18912977,-73.61518213,,
M34_ptenblind,CNO,PTEN,m34s8,AS,42,HIL,44.18912977,-73.61518213,,
M34_ptenblind,CNO,PTEN,m34s8,AS,43,HIL,16.21329684,-63.62600276,,
M34_ptenblind,CNO,PTEN,m34s8,AS,44,HIL,16.21329684,-63.62600276,,
M34_ptenblind,CNO,PTEN,m34s8,AS,45,HIL,124.2991773,-84.24533919,,
M34_ptenblind,CNO,PTEN,m34s8,AS,46,HIL,124.2991773,-84.24533919,,
M34_ptenblind,CNO,PTEN,m34s8,AS,47,HIL,66.32826683,-266.5478356,,
M34_ptenblind,CNO,PTEN,m34s8,AS,48,HIL,66.32826683,-266.5478356,,
M34_ptenblind,CNO,PTEN,m34s8,AS,49,HIL,-16.95545268,-534.0138036,,
M34_ptenblind,CNO,PTEN,m34s8,AS,50,HIL,-16.95545268,-534.0138036,,
M34_ptenblind,CNO,PTEN,m34s8,AS,51,DG GCL2,-130.8028667,-789.8131203,,
M34_ptenblind,CNO,PTEN,m34s8,AS,52,DG GCL2,-130.8028667,-789.8131203,,
M34_ptenblind,CNO,PTEN,m34s8,AS,53,DG GCL2,-109.6313722,-912.6131231,,
M34_ptenblind,CNO,PTEN,m34s8,AS,54,DG GCL2,-109.6313722,-912.6131231,,
M34_ptenblind,CNO,PTEN,m34s8,AS,55,DG GCL2,-182.8212773,-907.5283917,,
M34_ptenblind,CNO,PTEN,m34s8,AS,56,DG GCL2,-182.8212773,-907.5283917,,
M34_ptenblind,CNO,PTEN,m34s8,AS,57,DG GCL2,-149.8619919,-682.5275885,,
M34_ptenblind,CNO,PTEN,m34s8,AS,58,DG GCL2,-149.8619919,-682.5275885,,
M34_ptenblind,CNO,PTEN,m34s8,AS,59,DG MML2,131.1291383,-270.1247418,,
M34_ptenblind,CNO,PTEN,m34s8,AS,60,DG MML2,131.1291383,-270.1247418,,
M34_ptenblind,CNO,PTEN,m34s8,AS,61,DG MML2,182.9027281,14.15111132,,
M34_ptenblind,CNO,PTEN,m34s8,AS,62,DG MML2,182.9027281,14.15111132,,
M34_ptenblind,CNO,PTEN,m34s8,AS,63,DG MML2,182.9027281,111.0438611,,
M34_ptenblind,CNO,PTEN,m34s8,AS,64,DG MML2,182.9027281,111.0438611,,
M34_ptenblind,CNO,PTEN,m34s8,GZ,1,CA1 SP,1.08555385,-117.2619,,
M34_ptenblind,CNO,PTEN,m34s8,GZ,2,CA1 SP,1.08555385,-117.2619,,
M34_ptenblind,CNO,PTEN,m34s8,GZ,3,CA1 SP,1.08555385,-114.5410471,,
M34_ptenblind,CNO,PTEN,m34s8,GZ,4,CA1 SP,1.08555385,-114.5410471,,
M34_ptenblind,CNO,PTEN,m34s8,GZ,5,CA1,5.574169247,-114.2614575,,
M34_ptenblind,CNO,PTEN,m34s8,GZ,6,CA1,5.574169247,-114.2614575,,
M34_ptenblind,CNO,PTEN,m34s8,GZ,7,CA1,-3.374794112,-119.1682123,,
M34_ptenblind,CNO,PTEN,m34s8,GZ,8,CA1,-3.374794112,-119.1682123,,
M34_ptenblind,CNO,PTEN,m34s8,GZ,9,CA1,12.43007677,-122.7156128,,
M34_ptenblind,CNO,PTEN,m34s8,GZ,10,CA1,12.43007677,-122.7156128,,
M34_ptenblind,CNO,PTEN,m34s8,GZ,11,CA1,-1.480454124,-135.7268215,,
M34_ptenblind,CNO,PTEN,m34s8,GZ,12,CA1,-1.480454124,-135.7268215,,
M34_ptenblind,CNO,PTEN,m34s8,GZ,13,CA1,-7.183303481,-148.0439876,,
M34_ptenblind,CNO,PTEN,m34s8,GZ,14,CA1 SLM,-7.183303481,-148.0439876,,
M34_ptenblind,CNO,PTEN,m34s8,GZ,15,CA1 SLM,-20.60063094,-149.6280429,,
M34_ptenblind,CNO,PTEN,m34s8,GZ,16,CA1 SLM,-20.60063094,-149.6280429,,
M34_ptenblind,CNO,PTEN,m34s8,GZ,17,CA1 SLM,-36.65822113,-130.5194649,,
M34_ptenblind,CNO,PTEN,m34s8,GZ,18,CA1 SLM,-36.65822113,-130.5194649,,
M34_ptenblind,CNO,PTEN,m34s8,GZ,19,CA1 SLM,-1.931889266,-71.1641334,,
M34_ptenblind,CNO,PTEN,m34s8,GZ,20,DG OML1,-1.931889266,-71.1641334,,
M34_ptenblind,CNO,PTEN,m34s8,GZ,21,DG OML1,30.19257295,-6.68034788,,
M34_ptenblind,CNO,PTEN,m34s8,GZ,22,DG OML1,30.19257295,-6.68034788,,
M34_ptenblind,CNO,PTEN,m34s8,GZ,23,DG OML1,90.3347033,30.69417985,,
M34_ptenblind,CNO,PTEN,m34s8,GZ,24,DG OML1,90.3347033,30.69417985,,
M34_ptenblind,CNO,PTEN,m34s8,GZ,25,DG MML1,126.0833037,-16.59827489,,
M34_ptenblind,CNO,PTEN,m34s8,GZ,26,DG MML1,126.0833037,-16.59827489,,
M34_ptenblind,CNO,PTEN,m34s8,GZ,27,DG MML1,175.7947509,-204.5225907,,
M34_ptenblind,CNO,PTEN,m34s8,GZ,28,DG MML1,175.7947509,-204.5225907,,
M34_ptenblind,CNO,PTEN,m34s8,GZ,29,DG MML1,94.14025935,-579.4065953,,
M34_ptenblind,CNO,PTEN,m34s8,GZ,30,DG MML1,94.14025935,-579.4065953,,
M34_ptenblind,CNO,PTEN,m34s8,GZ,31,DG GCL1,-283.4662512,-1050.828349,,
M34_ptenblind,CNO,PTEN,m34s8,GZ,32,DG GCL1,-283.4662512,-1050.828349,,
M34_ptenblind,CNO,PTEN,m34s8,GZ,33,DG GCL1,-248.9588865,-1217.532584,,
M34_ptenblind,CNO,PTEN,m34s8,GZ,34,DG GCL1,-248.9588865,-1217.532584,,
M34_ptenblind,CNO,PTEN,m34s8,GZ,35,DG GCL1,-157.118415,-1135.619474,,
M34_ptenblind,CNO,PTEN,m34s8,GZ,36,DG GCL1,-157.118415,-1135.619474,,
M34_ptenblind,CNO,PTEN,m34s8,GZ,37,HIL,89.61071946,-860.9726345,,
M34_ptenblind,CNO,PTEN,m34s8,GZ,38,HIL,89.61071946,-860.9726345,,
M34_ptenblind,CNO,PTEN,m34s8,GZ,39,HIL,159.1401693,-647.356949,,
M34_ptenblind,CNO,PTEN,m34s8,GZ,40,HIL,159.1401693,-647.356949,,
M34_ptenblind,CNO,PTEN,m34s8,GZ,41,HIL,38.79431096,-606.4680399,,
M34_ptenblind,CNO,PTEN,m34s8,GZ,42,HIL,38.79431096,-606.4680399,,
M34_ptenblind,CNO,PTEN,m34s8,GZ,43,HIL,14.44761215,-629.3015491,,
M34_ptenblind,CNO,PTEN,m34s8,GZ,44,HIL,14.44761215,-629.3015491,,
M34_ptenblind,CNO,PTEN,m34s8,GZ,45,HIL,8.227932838,-714.2268947,,
M34_ptenblind,CNO,PTEN,m34s8,GZ,46,HIL,8.227932838,-714.2268947,,
M34_ptenblind,CNO,PTEN,m34s8,GZ,47,HIL,-11.01543936,-869.1068913,,
M34_ptenblind,CNO,PTEN,m34s8,GZ,48,HIL,-11.01543936,-869.1068913,,
M34_ptenblind,CNO,PTEN,m34s8,GZ,49,HIL,-20.47912316,-1082.584068,,
M34_ptenblind,CNO,PTEN,m34s8,GZ,50,HIL,-20.47912316,-1082.584068,,
M34_ptenblind,CNO,PTEN,m34s8,GZ,51,DG GCL2,-74.78339551,-1290.517695,,
M34_ptenblind,CNO,PTEN,m34s8,GZ,52,DG GCL2,-74.78339551,-1290.517695,,
M34_ptenblind,CNO,PTEN,m34s8,GZ,53,DG GCL2,-155.340098,-1386.631343,,
M34_ptenblind,CNO,PTEN,m34s8,GZ,54,DG GCL2,-155.340098,-1386.631343,,
M34_ptenblind,CNO,PTEN,m34s8,GZ,55,DG GCL2,-363.5757376,-1294.536153,,
M34_ptenblind,CNO,PTEN,m34s8,GZ,56,DG GCL2,-363.5757376,-1294.536153,,
M34_ptenblind,CNO,PTEN,m34s8,GZ,57,DG GCL2,-234.7483833,-779.9739793,,
M34_ptenblind,CNO,PTEN,m34s8,GZ,58,DG GCL2,-234.7483833,-779.9739793,,
M34_ptenblind,CNO,PTEN,m34s8,GZ,59,DG MML2,282.1267124,50.26159354,,
M34_ptenblind,CNO,PTEN,m34s8,GZ,60,DG MML2,282.1267124,50.26159354,,
M34_ptenblind,CNO,PTEN,m34s8,GZ,61,DG MML2,339.6302676,605.2890036,,
M34_ptenblind,CNO,PTEN,m34s8,GZ,62,DG MML2,339.6302676,605.2890036,,
M34_ptenblind,CNO,PTEN,m34s8,GZ,63,DG MML2,339.6302676,785.686484,,
M34_ptenblind,CNO,PTEN,m34s8,GZ,64,DG MML2,339.6302676,785.686484,,
M3_pten,Base,PTEN,m3s2,AS,1,CA1,-4.12515207,-290.0443809,,
M3_pten,Base,PTEN,m3s2,AS,2,CA1,-4.12515207,-290.0443809,,
M3_pten,Base,PTEN,m3s2,AS,3,CA1,-4.12515207,-294.3671135,,
M3_pten,Base,PTEN,m3s2,AS,4,CA1 SP,-4.12515207,-294.3671135,,
M3_pten,Base,PTEN,m3s2,AS,5,CA1 SP,-0.359654731,-293.1304782,,
M3_pten,Base,PTEN,m3s2,AS,6,CA1 SP,-0.359654731,-293.1304782,,
M3_pten,Base,PTEN,m3s2,AS,7,CA1 SP,0.96310241,-291.0452447,,
M3_pten,Base,PTEN,m3s2,AS,8,CA1 SP,0.96310241,-291.0452447,,
M3_pten,Base,PTEN,m3s2,AS,9,CA1 SP,-6.735458676,-289.603574,,
M3_pten,Base,PTEN,m3s2,AS,10,CA1,-6.735458676,-289.603574,,
M3_pten,Base,PTEN,m3s2,AS,11,CA1,-15.41315082,-278.0355355,,
M3_pten,Base,PTEN,m3s2,AS,12,CA1,-15.41315082,-278.0355355,,
M3_pten,Base,PTEN,m3s2,AS,13,CA1,24.07234509,-243.213206,,
M3_pten,Base,PTEN,m3s2,AS,14,CA1,24.07234509,-243.213206,,
M3_pten,Base,PTEN,m3s2,AS,15,CA1 SLM,-26.39577511,-229.330655,,
M3_pten,Base,PTEN,m3s2,AS,16,CA1 SLM,-26.39577511,-229.330655,,
M3_pten,Base,PTEN,m3s2,AS,17,CA1 SLM,-13.63009693,-187.8084681,,
M3_pten,Base,PTEN,m3s2,AS,18,CA1 SLM,-13.63009693,-187.8084681,,
M3_pten,Base,PTEN,m3s2,AS,19,CA1 SLM,-21.58722371,-129.118365,,
M3_pten,Base,PTEN,m3s2,AS,20,CA1 SLM,-21.58722371,-129.118365,,
M3_pten,Base,PTEN,m3s2,AS,21,DG OML1,-3.50552674,-48.47162996,,
M3_pten,Base,PTEN,m3s2,AS,22,DG OML1,-3.50552674,-48.47162996,,
M3_pten,Base,PTEN,m3s2,AS,23,DG OML1,18.91322824,38.34450231,,
M3_pten,Base,PTEN,m3s2,AS,24,DG OML1,18.91322824,38.34450231,,
M3_pten,Base,PTEN,m3s2,AS,25,DG MML1,-8.358460253,96.81116289,,
M3_pten,Base,PTEN,m3s2,AS,26,DG MML1,-8.358460253,96.81116289,,
M3_pten,Base,PTEN,m3s2,AS,27,DG MML1,21.00316792,159.8676166,,
M3_pten,Base,PTEN,m3s2,AS,28,DG MML1,21.00316792,159.8676166,,
M3_pten,Base,PTEN,m3s2,AS,29,DG MML1,36.43181523,197.1462254,,
M3_pten,Base,PTEN,m3s2,AS,30,DG MML1,36.43181523,197.1462254,,
M3_pten,Base,PTEN,m3s2,AS,31,DG GCL1,-30.02846671,192.1370717,,
M3_pten,Base,PTEN,m3s2,AS,32,DG GCL1,-30.02846671,192.1370717,,
M3_pten,Base,PTEN,m3s2,AS,33,DG GCL1,-11.07428346,213.3825209,,
M3_pten,Base,PTEN,m3s2,AS,34,DG GCL1,-11.07428346,213.3825209,,
M3_pten,Base,PTEN,m3s2,AS,35,HIL,54.00934421,244.7604507,,
M3_pten,Base,PTEN,m3s2,AS,36,HIL,54.00934421,244.7604507,,
M3_pten,Base,PTEN,m3s2,AS,37,HIL,43.52028729,212.3907399,,
M3_pten,Base,PTEN,m3s2,AS,38,HIL,43.52028729,212.3907399,,
M3_pten,Base,PTEN,m3s2,AS,39,HIL,80.86750214,135.5737134,,
M3_pten,Base,PTEN,m3s2,AS,40,HIL,80.86750214,135.5737134,,
M3_pten,Base,PTEN,m3s2,AS,41,HIL,-0.39309564,-30.64706199,,
M3_pten,Base,PTEN,m3s2,AS,42,HIL,-0.39309564,-30.64706199,,
M3_pten,Base,PTEN,m3s2,AS,43,DG GCL2,-120.5537712,-191.438149,,
M3_pten,Base,PTEN,m3s2,AS,44,DG GCL2,-120.5537712,-191.438149,,
M3_pten,Base,PTEN,m3s2,AS,45,DG GCL2,-75.58930926,-214.1111785,,
M3_pten,Base,PTEN,m3s2,AS,46,DG GCL2,-75.58930926,-214.1111785,,
M3_pten,Base,PTEN,m3s2,AS,47,DG MML2,-15.92977134,-156.1362642,,
M3_pten,Base,PTEN,m3s2,AS,48,DG MML2,-15.92977134,-156.1362642,,
M3_pten,Base,PTEN,m3s2,AS,49,DG MML2,37.23197038,-82.38779109,,
M3_pten,Base,PTEN,m3s2,AS,50,DG MML2,37.23197038,-82.38779109,,
M3_pten,Base,PTEN,m3s2,AS,51,DG MML2,21.76726394,-49.48644591,,
M3_pten,Base,PTEN,m3s2,AS,52,DG MML2,21.76726394,-49.48644591,,
M3_pten,Base,PTEN,m3s2,AS,53,DG OML2,8.499844411,-43.3496499,,
M3_pten,Base,PTEN,m3s2,AS,54,DG OML2,8.499844411,-43.3496499,,
M3_pten,Base,PTEN,m3s2,AS,55,DG OML2,4.059504864,-48.46921249,,
M3_pten,Base,PTEN,m3s2,AS,56,DG OML2,4.059504864,-48.46921249,,
M3_pten,Base,PTEN,m3s2,AS,57,DG,-11.12758456,-58.06346247,,
M3_pten,Base,PTEN,m3s2,AS,58,DG,-11.12758456,-58.06346247,,
M3_pten,Base,PTEN,m3s2,AS,59,DG,6.743185633,-53.59613108,,
M3_pten,Base,PTEN,m3s2,AS,60,DG,6.743185633,-53.59613108,,
M3_pten,Base,PTEN,m3s2,AS,61,DG,43.23000488,-58.51335213,,
M3_pten,Base,PTEN,m3s2,AS,62,DG,43.23000488,-58.51335213,,
M3_pten,Base,PTEN,m3s2,AS,63,DG,43.23000488,-106.0748768,,
M3_pten,Base,PTEN,m3s2,AS,64,DG,43.23000488,-106.0748768,,
M3_pten,Base,PTEN,m3s2,GZ,1,CA1,-10.91518011,-392.7841528,,
M3_pten,Base,PTEN,m3s2,GZ,2,CA1,-10.91518011,-392.7841528,,
M3_pten,Base,PTEN,m3s2,GZ,3,CA1,-10.91518011,-405.4035579,,
M3_pten,Base,PTEN,m3s2,GZ,4,CA1 SP,-10.91518011,-405.4035579,,
M3_pten,Base,PTEN,m3s2,GZ,5,CA1 SP,17.16331862,-408.9401404,,
M3_pten,Base,PTEN,m3s2,GZ,6,CA1 SP,17.16331862,-408.9401404,,
M3_pten,Base,PTEN,m3s2,GZ,7,CA1 SP,1.477193972,-423.2383307,,
M3_pten,Base,PTEN,m3s2,GZ,8,CA1 SP,1.477193972,-423.2383307,,
M3_pten,Base,PTEN,m3s2,GZ,9,CA1 SP,-6.25619301,-437.5250599,,
M3_pten,Base,PTEN,m3s2,GZ,10,CA1,-6.25619301,-437.5250599,,
M3_pten,Base,PTEN,m3s2,GZ,11,CA1,-35.69402163,-437.7227647,,
M3_pten,Base,PTEN,m3s2,GZ,12,CA1,-35.69402163,-437.7227647,,
M3_pten,Base,PTEN,m3s2,GZ,13,CA1,24.03353246,-394.1571709,,
M3_pten,Base,PTEN,m3s2,GZ,14,CA1,24.03353246,-394.1571709,,
M3_pten,Base,PTEN,m3s2,GZ,15,CA1 SLM,-37.99169993,-367.8007623,,
M3_pten,Base,PTEN,m3s2,GZ,16,CA1 SLM,-37.99169993,-367.8007623,,
M3_pten,Base,PTEN,m3s2,GZ,17,CA1 SLM,-31.1467235,-308.5939774,,
M3_pten,Base,PTEN,m3s2,GZ,18,CA1 SLM,-31.1467235,-308.5939774,,
M3_pten,Base,PTEN,m3s2,GZ,19,CA1 SLM,-27.07947314,-221.4368658,,
M3_pten,Base,PTEN,m3s2,GZ,20,CA1 SLM,-27.07947314,-221.4368658,,
M3_pten,Base,PTEN,m3s2,GZ,21,DG OML1,-2.886998688,-112.232737,,
M3_pten,Base,PTEN,m3s2,GZ,22,DG OML1,-2.886998688,-112.232737,,
M3_pten,Base,PTEN,m3s2,GZ,23,DG OML1,22.01561354,2.864331673,,
M3_pten,Base,PTEN,m3s2,GZ,24,DG OML1,22.01561354,2.864331673,,
M3_pten,Base,PTEN,m3s2,GZ,25,DG MML1,-4.807189762,81.68605117,,
M3_pten,Base,PTEN,m3s2,GZ,26,DG MML1,-4.807189762,81.68605117,,
M3_pten,Base,PTEN,m3s2,GZ,27,DG MML1,24.25261467,162.0068614,,
M3_pten,Base,PTEN,m3s2,GZ,28,DG MML1,24.25261467,162.0068614,,
M3_pten,Base,PTEN,m3s2,GZ,29,DG MML1,45.96376839,212.4095752,,
M3_pten,Base,PTEN,m3s2,GZ,30,DG MML1,45.96376839,212.4095752,,
M3_pten,Base,PTEN,m3s2,GZ,31,DG GCL1,-47.48204027,210.5699246,,
M3_pten,Base,PTEN,m3s2,GZ,32,DG GCL1,-47.48204027,210.5699246,,
M3_pten,Base,PTEN,m3s2,GZ,33,DG GCL1,27.40782796,242.8573404,,
M3_pten,Base,PTEN,m3s2,GZ,34,DG GCL1,27.40782796,242.8573404,,
M3_pten,Base,PTEN,m3s2,GZ,35,HIL,17.60470483,249.1975378,,
M3_pten,Base,PTEN,m3s2,GZ,36,HIL,17.60470483,249.1975378,,
M3_pten,Base,PTEN,m3s2,GZ,37,HIL,6.222901107,231.0122449,,
M3_pten,Base,PTEN,m3s2,GZ,38,HIL,6.222901107,231.0122449,,
M3_pten,Base,PTEN,m3s2,GZ,39,HIL,50.90278335,211.8779963,,
M3_pten,Base,PTEN,m3s2,GZ,40,HIL,50.90278335,211.8779963,,
M3_pten,Base,PTEN,m3s2,GZ,41,HIL,13.51194857,142.3771911,,
M3_pten,Base,PTEN,m3s2,GZ,42,HIL,13.51194857,142.3771911,,
M3_pten,Base,PTEN,m3s2,GZ,43,DG GCL2,-75.94581224,61.0319726,,
M3_pten,Base,PTEN,m3s2,GZ,44,DG GCL2,-75.94581224,61.0319726,,
M3_pten,Base,PTEN,m3s2,GZ,45,DG GCL2,-78.56432783,53.29706274,,
M3_pten,Base,PTEN,m3s2,GZ,46,DG GCL2,-78.56432783,53.29706274,,
M3_pten,Base,PTEN,m3s2,GZ,47,DG MML2,9.541352124,126.7713385,,
M3_pten,Base,PTEN,m3s2,GZ,48,DG MML2,9.541352124,126.7713385,,
M3_pten,Base,PTEN,m3s2,GZ,49,DG MML2,64.8056433,202.1582613,,
M3_pten,Base,PTEN,m3s2,GZ,50,DG MML2,64.8056433,202.1582613,,
M3_pten,Base,PTEN,m3s2,GZ,51,DG MML2,23.41494742,215.5291903,,
M3_pten,Base,PTEN,m3s2,GZ,52,DG MML2,23.41494742,215.5291903,,
M3_pten,Base,PTEN,m3s2,GZ,53,DG OML2,22.12059043,197.3754155,,
M3_pten,Base,PTEN,m3s2,GZ,54,DG OML2,22.12059043,197.3754155,,
M3_pten,Base,PTEN,m3s2,GZ,55,DG OML2,-6.499438691,155.3547571,,
M3_pten,Base,PTEN,m3s2,GZ,56,DG OML2,-6.499438691,155.3547571,,
M3_pten,Base,PTEN,m3s2,GZ,57,DG,-22.19549722,117.1914568,,
M3_pten,Base,PTEN,m3s2,GZ,58,DG,-22.19549722,117.1914568,,
M3_pten,Base,PTEN,m3s2,GZ,59,DG,13.79170795,107.0960964,,
M3_pten,Base,PTEN,m3s2,GZ,60,DG,13.79170795,107.0960964,,
M3_pten,Base,PTEN,m3s2,GZ,61,DG,38.60760015,77.02354738,,
M3_pten,Base,PTEN,m3s2,GZ,62,DG,38.60760015,77.02354738,,
M3_pten,Base,PTEN,m3s2,GZ,63,DG,38.60760015,8.168796136,,
M3_pten,Base,PTEN,m3s2,GZ,64,DG,38.60760015,8.168796136,,
M3_pten,CNO,PTEN,m3s7,AS,1,CA1 SP,1.184917167,-202.0786016,,
M3_pten,CNO,PTEN,m3s7,AS,2,CA1 SP,1.184917167,-202.0786016,,
M3_pten,CNO,PTEN,m3s7,AS,3,CA1 SP,1.184917167,-204.0670139,,
M3_pten,CNO,PTEN,m3s7,AS,4,CA1 SP,1.184917167,-204.0670139,,
M3_pten,CNO,PTEN,m3s7,AS,5,CA1,-1.373460124,-205.8969289,,
M3_pten,CNO,PTEN,m3s7,AS,6,CA1,-1.373460124,-205.8969289,,
M3_pten,CNO,PTEN,m3s7,AS,7,CA1,2.445920146,-206.3864132,,
M3_pten,CNO,PTEN,m3s7,AS,8,CA1,2.445920146,-206.3864132,,
M3_pten,CNO,PTEN,m3s7,AS,9,CA1,-6.279830737,-209.1773364,,
M3_pten,CNO,PTEN,m3s7,AS,10,CA1,-6.279830737,-209.1773364,,
M3_pten,CNO,PTEN,m3s7,AS,11,CA1,8.306739072,-204.5270991,,
M3_pten,CNO,PTEN,m3s7,AS,12,CA1,8.306739072,-204.5270991,,
M3_pten,CNO,PTEN,m3s7,AS,13,CA1,-5.632535474,-211.3701489,,
M3_pten,CNO,PTEN,m3s7,AS,14,CA1,-5.632535474,-211.3701489,,
M3_pten,CNO,PTEN,m3s7,AS,15,CA1 SLM,5.355431702,-209.4044877,,
M3_pten,CNO,PTEN,m3s7,AS,16,CA1 SLM,5.355431702,-209.4044877,,
M3_pten,CNO,PTEN,m3s7,AS,17,CA1 SLM,-2.906389554,-216.8477587,,
M3_pten,CNO,PTEN,m3s7,AS,18,CA1 SLM,-2.906389554,-216.8477587,,
M3_pten,CNO,PTEN,m3s7,AS,19,CA1 SLM,-3.243539848,-220.3035051,,
M3_pten,CNO,PTEN,m3s7,AS,20,CA1 SLM,-3.243539848,-220.3035051,,
M3_pten,CNO,PTEN,m3s7,AS,21,DG OML1,3.04132512,-219.5175825,,
M3_pten,CNO,PTEN,m3s7,AS,22,DG OML1,3.04132512,-219.5175825,,
M3_pten,CNO,PTEN,m3s7,AS,23,DG OML1,-2.576367833,-221.1985608,,
M3_pten,CNO,PTEN,m3s7,AS,24,DG OML1,-2.576367833,-221.1985608,,
M3_pten,CNO,PTEN,m3s7,AS,25,DG OML1,1.083842324,-220.3194393,,
M3_pten,CNO,PTEN,m3s7,AS,26,DG MML1,1.083842324,-220.3194393,,
M3_pten,CNO,PTEN,m3s7,AS,27,DG MML1,-0.169017431,-221.5871217,,
M3_pten,CNO,PTEN,m3s7,AS,28,DG MML1,-0.169017431,-221.5871217,,
M3_pten,CNO,PTEN,m3s7,AS,29,DG MML1,-2.624472694,-221.9114396,,
M3_pten,CNO,PTEN,m3s7,AS,30,DG MML1,-2.624472694,-221.9114396,,
M3_pten,CNO,PTEN,m3s7,AS,31,DG GCL1,1.749817571,-219.6444647,,
M3_pten,CNO,PTEN,m3s7,AS,32,DG GCL1,1.749817571,-219.6444647,,
M3_pten,CNO,PTEN,m3s7,AS,33,DG GCL1,-0.515767884,-218.9569328,,
M3_pten,CNO,PTEN,m3s7,AS,34,DG GCL1,-0.515767884,-218.9569328,,
M3_pten,CNO,PTEN,m3s7,AS,35,HIL,0.111572578,-217.5369579,,
M3_pten,CNO,PTEN,m3s7,AS,36,HIL,0.111572578,-217.5369579,,
M3_pten,CNO,PTEN,m3s7,AS,37,HIL,-2.688343669,-215.2396132,,
M3_pten,CNO,PTEN,m3s7,AS,38,HIL,-2.688343669,-215.2396132,,
M3_pten,CNO,PTEN,m3s7,AS,39,HIL,0.695374108,-208.9919938,,
M3_pten,CNO,PTEN,m3s7,AS,40,HIL,0.695374108,-208.9919938,,
M3_pten,CNO,PTEN,m3s7,AS,41,HIL,-0.375576946,-201.1666199,,
M3_pten,CNO,PTEN,m3s7,AS,42,HIL,-0.375576946,-201.1666199,,
M3_pten,CNO,PTEN,m3s7,AS,43,HIL,-9.092508171,-192.2472351,,
M3_pten,CNO,PTEN,m3s7,AS,44,HIL,-9.092508171,-192.2472351,,
M3_pten,CNO,PTEN,m3s7,AS,45,HIL,-5.846015429,-166.6098525,,
M3_pten,CNO,PTEN,m3s7,AS,46,HIL,-5.846015429,-166.6098525,,
M3_pten,CNO,PTEN,m3s7,AS,47,HIL,9.070420001,-124.2382002,,
M3_pten,CNO,PTEN,m3s7,AS,48,HIL,9.070420001,-124.2382002,,
M3_pten,CNO,PTEN,m3s7,AS,49,DG GCL2,-30.47769454,-85.51434824,,
M3_pten,CNO,PTEN,m3s7,AS,50,DG GCL2,-30.47769454,-85.51434824,,
M3_pten,CNO,PTEN,m3s7,AS,51,DG GCL2,0.416735351,-22.76474147,,
M3_pten,CNO,PTEN,m3s7,AS,52,DG GCL2,0.416735351,-22.76474147,,
M3_pten,CNO,PTEN,m3s7,AS,53,DG GCL2,-2.846616207,39.15291307,,
M3_pten,CNO,PTEN,m3s7,AS,54,DG GCL2,-2.846616207,39.15291307,,
M3_pten,CNO,PTEN,m3s7,AS,55,DG MML2,27.46509185,104.535368,,
M3_pten,CNO,PTEN,m3s7,AS,56,DG MML2,27.46509185,104.535368,,
M3_pten,CNO,PTEN,m3s7,AS,57,DG MML2,34.04944795,130.1517302,,
M3_pten,CNO,PTEN,m3s7,AS,58,DG MML2,34.04944795,130.1517302,,
M3_pten,CNO,PTEN,m3s7,AS,59,DG MML2,-16.55429017,112.9430452,,
M3_pten,CNO,PTEN,m3s7,AS,60,DG MML2,-16.55429017,112.9430452,,
M3_pten,CNO,PTEN,m3s7,AS,61,DG OML2,-11.9039238,108.8615407,,
M3_pten,CNO,PTEN,m3s7,AS,62,DG OML2,-11.9039238,108.8615407,,
M3_pten,CNO,PTEN,m3s7,AS,63,DG OML2,-11.9039238,117.7204391,,
M3_pten,CNO,PTEN,m3s7,AS,64,DG OML2,-11.9039238,117.7204391,,
M3_pten,CNO,PTEN,m3s7,GZ,1,CA1 SP,11.73187584,-291.3029572,,
M3_pten,CNO,PTEN,m3s7,GZ,2,CA1 SP,11.73187584,-291.3029572,,
M3_pten,CNO,PTEN,m3s7,GZ,3,CA1 SP,11.73187584,-292.294028,,
M3_pten,CNO,PTEN,m3s7,GZ,4,CA1 SP,11.73187584,-292.294028,,
M3_pten,CNO,PTEN,m3s7,GZ,5,CA1,-5.289549469,-293.9245505,,
M3_pten,CNO,PTEN,m3s7,GZ,6,CA1,-5.289549469,-293.9245505,,
M3_pten,CNO,PTEN,m3s7,GZ,7,CA1,0.10500672,-302.1260246,,
M3_pten,CNO,PTEN,m3s7,GZ,8,CA1,0.10500672,-302.1260246,,
M3_pten,CNO,PTEN,m3s7,GZ,9,CA1,3.153811219,-306.348957,,
M3_pten,CNO,PTEN,m3s7,GZ,10,CA1,3.153811219,-306.348957,,
M3_pten,CNO,PTEN,m3s7,GZ,11,CA1,-12.98096359,-326.4411968,,
M3_pten,CNO,PTEN,m3s7,GZ,12,CA1,-12.98096359,-326.4411968,,
M3_pten,CNO,PTEN,m3s7,GZ,13,CA1,15.07404286,-322.9739497,,
M3_pten,CNO,PTEN,m3s7,GZ,14,CA1,15.07404286,-322.9739497,,
M3_pten,CNO,PTEN,m3s7,GZ,15,CA1 SLM,0.10992891,-332.214689,,
M3_pten,CNO,PTEN,m3s7,GZ,16,CA1 SLM,0.10992891,-332.214689,,
M3_pten,CNO,PTEN,m3s7,GZ,17,CA1 SLM,-8.683727634,-330.9810618,,
M3_pten,CNO,PTEN,m3s7,GZ,18,CA1 SLM,-8.683727634,-330.9810618,,
M3_pten,CNO,PTEN,m3s7,GZ,19,CA1 SLM,-0.243976552,-332.7711762,,
M3_pten,CNO,PTEN,m3s7,GZ,20,CA1 SLM,-0.243976552,-332.7711762,,
M3_pten,CNO,PTEN,m3s7,GZ,21,DG OML1,6.418535786,-334.8196061,,
M3_pten,CNO,PTEN,m3s7,GZ,22,DG OML1,6.418535786,-334.8196061,,
M3_pten,CNO,PTEN,m3s7,GZ,23,DG OML1,5.214404034,-343.2744761,,
M3_pten,CNO,PTEN,m3s7,GZ,24,DG OML1,5.214404034,-343.2744761,,
M3_pten,CNO,PTEN,m3s7,GZ,25,DG OML1,2.332625851,-351.0603774,,
M3_pten,CNO,PTEN,m3s7,GZ,26,DG MML1,2.332625851,-351.0603774,,
M3_pten,CNO,PTEN,m3s7,GZ,27,DG MML1,-2.382668116,-357.8913954,,
M3_pten,CNO,PTEN,m3s7,GZ,28,DG MML1,-2.382668116,-357.8913954,,
M3_pten,CNO,PTEN,m3s7,GZ,29,DG MML1,-1.139158844,-370.4650545,,
M3_pten,CNO,PTEN,m3s7,GZ,30,DG MML1,-1.139158844,-370.4650545,,
M3_pten,CNO,PTEN,m3s7,GZ,31,DG GCL1,-12.99031576,-381.8592009,,
M3_pten,CNO,PTEN,m3s7,GZ,32,DG GCL1,-12.99031576,-381.8592009,,
M3_pten,CNO,PTEN,m3s7,GZ,33,DG GCL1,16.14248624,-381.7232893,,
M3_pten,CNO,PTEN,m3s7,GZ,34,DG GCL1,16.14248624,-381.7232893,,
M3_pten,CNO,PTEN,m3s7,GZ,35,HIL,2.50539472,-383.6526506,,
M3_pten,CNO,PTEN,m3s7,GZ,36,HIL,2.50539472,-383.6526506,,
M3_pten,CNO,PTEN,m3s7,GZ,37,HIL,11.03965185,-388.2416272,,
M3_pten,CNO,PTEN,m3s7,GZ,38,HIL,11.03965185,-388.2416272,,
M3_pten,CNO,PTEN,m3s7,GZ,39,HIL,13.78459315,-385.748191,,
M3_pten,CNO,PTEN,m3s7,GZ,40,HIL,13.78459315,-385.748191,,
M3_pten,CNO,PTEN,m3s7,GZ,41,HIL,7.869269258,-378.6461002,,
M3_pten,CNO,PTEN,m3s7,GZ,42,HIL,7.869269258,-378.6461002,,
M3_pten,CNO,PTEN,m3s7,GZ,43,HIL,43.73218167,-368.4101209,,
M3_pten,CNO,PTEN,m3s7,GZ,44,HIL,43.73218167,-368.4101209,,
M3_pten,CNO,PTEN,m3s7,GZ,45,HIL,58.14861995,-331.601836,,
M3_pten,CNO,PTEN,m3s7,GZ,46,HIL,58.14861995,-331.601836,,
M3_pten,CNO,PTEN,m3s7,GZ,47,HIL,37.00075867,-255.1091929,,
M3_pten,CNO,PTEN,m3s7,GZ,48,HIL,37.00075867,-255.1091929,,
M3_pten,CNO,PTEN,m3s7,GZ,49,DG GCL2,-89.74366547,-146.1074912,,
M3_pten,CNO,PTEN,m3s7,GZ,50,DG GCL2,-89.74366547,-146.1074912,,
M3_pten,CNO,PTEN,m3s7,GZ,51,DG GCL2,9.592199838,-28.9515094,,
M3_pten,CNO,PTEN,m3s7,GZ,52,DG GCL2,9.592199838,-28.9515094,,
M3_pten,CNO,PTEN,m3s7,GZ,53,DG GCL2,-37.79864568,123.4133361,,
M3_pten,CNO,PTEN,m3s7,GZ,54,DG GCL2,-37.79864568,123.4133361,,
M3_pten,CNO,PTEN,m3s7,GZ,55,DG MML2,-17.96025102,273.1126462,,
M3_pten,CNO,PTEN,m3s7,GZ,56,DG MML2,-17.96025102,273.1126462,,
M3_pten,CNO,PTEN,m3s7,GZ,57,DG MML2,4.75434334,373.6077814,,
M3_pten,CNO,PTEN,m3s7,GZ,58,DG MML2,4.75434334,373.6077814,,
M3_pten,CNO,PTEN,m3s7,GZ,59,DG MML2,-16.88212733,466.923031,,
M3_pten,CNO,PTEN,m3s7,GZ,60,DG MML2,-16.88212733,466.923031,,
M3_pten,CNO,PTEN,m3s7,GZ,61,DG OML2,-10.04799463,477.2503128,,
M3_pten,CNO,PTEN,m3s7,GZ,62,DG OML2,-10.04799463,477.2503128,,
M3_pten,CNO,PTEN,m3s7,GZ,63,DG OML2,-10.04799463,511.3198536,,
M3_pten,CNO,PTEN,m3s7,GZ,64,DG OML2,-10.04799463,511.3198536,,
M5_Pten,Base,PTEN,m5s2,AS,1,CA1,13.30425916,-83.14989019,,
M5_Pten,Base,PTEN,m5s2,AS,2,CA1,13.30425916,-83.14989019,,
M5_Pten,Base,PTEN,m5s2,AS,3,CA1 SP,13.30425916,-86.07539893,,
M5_Pten,Base,PTEN,m5s2,AS,4,CA1 SP,13.30425916,-86.07539893,,
M5_Pten,Base,PTEN,m5s2,AS,5,CA1 SP,2.05053149,-104.4048135,,
M5_Pten,Base,PTEN,m5s2,AS,6,CA1 SP,2.05053149,-104.4048135,,
M5_Pten,Base,PTEN,m5s2,AS,7,CA1 SP,0.078128122,-126.2656564,,
M5_Pten,Base,PTEN,m5s2,AS,8,CA1,0.078128122,-126.2656564,,
M5_Pten,Base,PTEN,m5s2,AS,9,CA1,-10.9061707,-147.4573919,,
M5_Pten,Base,PTEN,m5s2,AS,10,CA1,-10.9061707,-147.4573919,,
M5_Pten,Base,PTEN,m5s2,AS,11,CA1,0.852384836,-154.8569549,,
M5_Pten,Base,PTEN,m5s2,AS,12,CA1,0.852384836,-154.8569549,,
M5_Pten,Base,PTEN,m5s2,AS,13,CA1,-18.03058127,-162.4843233,,
M5_Pten,Base,PTEN,m5s2,AS,14,CA1,-18.03058127,-162.4843233,,
M5_Pten,Base,PTEN,m5s2,AS,15,CA1,-8.336450133,-148.0709092,,
M5_Pten,Base,PTEN,m5s2,AS,16,CA1,-8.336450133,-148.0709092,,
M5_Pten,Base,PTEN,m5s2,AS,17,CA1,7.081561076,-124.0528154,,
M5_Pten,Base,PTEN,m5s2,AS,18,CA1 SLM,7.081561076,-124.0528154,,
M5_Pten,Base,PTEN,m5s2,AS,19,CA1 SLM,6.785751304,-105.3642811,,
M5_Pten,Base,PTEN,m5s2,AS,20,CA1 SLM,6.785751304,-105.3642811,,
M5_Pten,Base,PTEN,m5s2,AS,21,CA1 SLM,11.42934033,-94.75745996,,
M5_Pten,Base,PTEN,m5s2,AS,22,CA1 SLM,11.42934033,-94.75745996,,
M5_Pten,Base,PTEN,m5s2,AS,23,DG OML1,50.44703959,-89.02598021,,
M5_Pten,Base,PTEN,m5s2,AS,24,DG OML1,50.44703959,-89.02598021,,
M5_Pten,Base,PTEN,m5s2,AS,25,DG OML1,129.80406,-137.1516944,,
M5_Pten,Base,PTEN,m5s2,AS,26,DG OML1,129.80406,-137.1516944,,
M5_Pten,Base,PTEN,m5s2,AS,27,DG MML1,-54.93351383,-313.7699618,,
M5_Pten,Base,PTEN,m5s2,AS,28,DG MML1,-54.93351383,-313.7699618,,
M5_Pten,Base,PTEN,m5s2,AS,29,DG MML1,-291.1202901,-426.1349247,,
M5_Pten,Base,PTEN,m5s2,AS,30,DG MML1,-291.1202901,-426.1349247,,
M5_Pten,Base,PTEN,m5s2,AS,31,DG MML1,-381.9897742,-236.0747405,,
M5_Pten,Base,PTEN,m5s2,AS,32,DG MML1,-381.9897742,-236.0747405,,
M5_Pten,Base,PTEN,m5s2,AS,33,DG GCL1,276.592362,410.4060889,,
M5_Pten,Base,PTEN,m5s2,AS,34,DG GCL1,276.592362,410.4060889,,
M5_Pten,Base,PTEN,m5s2,AS,35,DG GCL1,227.1622368,741.6923808,,
M5_Pten,Base,PTEN,m5s2,AS,36,DG GCL1,227.1622368,741.6923808,,
M5_Pten,Base,PTEN,m5s2,AS,37,HIL,-19.20523485,785.9671818,,
M5_Pten,Base,PTEN,m5s2,AS,38,HIL,-19.20523485,785.9671818,,
M5_Pten,Base,PTEN,m5s2,AS,39,HIL,1.342773437,853.92413,,
M5_Pten,Base,PTEN,m5s2,AS,40,HIL,1.342773437,853.92413,,
M5_Pten,Base,PTEN,m5s2,AS,41,HIL,-35.01466717,919.0661165,,
M5_Pten,Base,PTEN,m5s2,AS,42,HIL,-35.01466717,919.0661165,,
M5_Pten,Base,PTEN,m5s2,AS,43,HIL,12.28289592,1025.119892,,
M5_Pten,Base,PTEN,m5s2,AS,44,HIL,12.28289592,1025.119892,,
M5_Pten,Base,PTEN,m5s2,AS,45,HIL,70.01840733,1118.42935,,
M5_Pten,Base,PTEN,m5s2,AS,46,HIL,70.01840733,1118.42935,,
M5_Pten,Base,PTEN,m5s2,AS,47,HIL,191.9497127,1135.138294,,
M5_Pten,Base,PTEN,m5s2,AS,48,HIL,191.9497127,1135.138294,,
M5_Pten,Base,PTEN,m5s2,AS,49,HIL,-9.834699314,937.7343902,,
M5_Pten,Base,PTEN,m5s2,AS,50,HIL,-9.834699314,937.7343902,,
M5_Pten,Base,PTEN,m5s2,AS,51,HIL,1127.784202,671.4157168,,
M5_Pten,Base,PTEN,m5s2,AS,52,HIL,1127.784202,671.4157168,,
M5_Pten,Base,PTEN,m5s2,AS,53,DG GCL2,-853.3961303,-805.6364574,,
M5_Pten,Base,PTEN,m5s2,AS,54,DG GCL2,-853.3961303,-805.6364574,,
M5_Pten,Base,PTEN,m5s2,AS,55,DG GCL2,-356.3312813,-1412.398596,,
M5_Pten,Base,PTEN,m5s2,AS,56,DG GCL2,-356.3312813,-1412.398596,,
M5_Pten,Base,PTEN,m5s2,AS,57,DG GCL2,-379.7754156,-1638.76824,,
M5_Pten,Base,PTEN,m5s2,AS,58,DG MML2,-379.7754156,-1638.76824,,
M5_Pten,Base,PTEN,m5s2,AS,59,DG MML2,-183.461299,-1435.973741,,
M5_Pten,Base,PTEN,m5s2,AS,60,DG MML2,-183.461299,-1435.973741,,
M5_Pten,Base,PTEN,m5s2,AS,61,DG MML2,157.3619794,-1000.453458,,
M5_Pten,Base,PTEN,m5s2,AS,62,DG MML2,157.3619794,-1000.453458,,
M5_Pten,Base,PTEN,m5s2,AS,63,DG MML2,157.3619794,-686.3899706,,
M5_Pten,Base,PTEN,m5s2,AS,64,DG OML2,157.3619794,-686.3899706,,
M5_Pten,Base,PTEN,m5s2,GZ,1,CA1,15.13081212,-183.4661765,,
M5_Pten,Base,PTEN,m5s2,GZ,2,CA1,15.13081212,-183.4661765,,
M5_Pten,Base,PTEN,m5s2,GZ,3,CA1 SP,15.13081212,-195.3235063,,
M5_Pten,Base,PTEN,m5s2,GZ,4,CA1 SP,15.13081212,-195.3235063,,
M5_Pten,Base,PTEN,m5s2,GZ,5,CA1 SP,-0.974593624,-226.1587675,,
M5_Pten,Base,PTEN,m5s2,GZ,6,CA1 SP,-0.974593624,-226.1587675,,
M5_Pten,Base,PTEN,m5s2,GZ,7,CA1 SP,-0.03937752,-256.8754603,,
M5_Pten,Base,PTEN,m5s2,GZ,8,CA1,-0.03937752,-256.8754603,,
M5_Pten,Base,PTEN,m5s2,GZ,9,CA1,-11.16352697,-288.131964,,
M5_Pten,Base,PTEN,m5s2,GZ,10,CA1,-11.16352697,-288.131964,,
M5_Pten,Base,PTEN,m5s2,GZ,11,CA1,3.603043095,-305.6750688,,
M5_Pten,Base,PTEN,m5s2,GZ,12,CA1,3.603043095,-305.6750688,,
M5_Pten,Base,PTEN,m5s2,GZ,13,CA1,-18.41095955,-323.7659892,,
M5_Pten,Base,PTEN,m5s2,GZ,14,CA1,-18.41095955,-323.7659892,,
M5_Pten,Base,PTEN,m5s2,GZ,15,CA1,11.24818863,-324.9171523,,
M5_Pten,Base,PTEN,m5s2,GZ,16,CA1,11.24818863,-324.9171523,,
M5_Pten,Base,PTEN,m5s2,GZ,17,CA1,-0.747188445,-330.8650783,,
M5_Pten,Base,PTEN,m5s2,GZ,18,CA1 SLM,-0.747188445,-330.8650783,,
M5_Pten,Base,PTEN,m5s2,GZ,19,CA1 SLM,10.8120826,-332.6731197,,
M5_Pten,Base,PTEN,m5s2,GZ,20,CA1 SLM,10.8120826,-332.6731197,,
M5_Pten,Base,PTEN,m5s2,GZ,21,CA1 SLM,37.35745338,-347.4951572,,
M5_Pten,Base,PTEN,m5s2,GZ,22,CA1 SLM,37.35745338,-347.4951572,,
M5_Pten,Base,PTEN,m5s2,GZ,23,DG OML1,45.23492629,-382.1186003,,
M5_Pten,Base,PTEN,m5s2,GZ,24,DG OML1,45.23492629,-382.1186003,,
M5_Pten,Base,PTEN,m5s2,GZ,25,DG OML1,137.2158912,-471.3049717,,
M5_Pten,Base,PTEN,m5s2,GZ,26,DG OML1,137.2158912,-471.3049717,,
M5_Pten,Base,PTEN,m5s2,GZ,27,DG MML1,-183.7010537,-696.7248135,,
M5_Pten,Base,PTEN,m5s2,GZ,28,DG MML1,-183.7010537,-696.7248135,,
M5_Pten,Base,PTEN,m5s2,GZ,29,DG MML1,-237.748669,-751.5083688,,
M5_Pten,Base,PTEN,m5s2,GZ,30,DG MML1,-237.748669,-751.5083688,,
M5_Pten,Base,PTEN,m5s2,GZ,31,DG MML1,-90.63425372,-555.1297547,,
M5_Pten,Base,PTEN,m5s2,GZ,32,DG MML1,-90.63425372,-555.1297547,,
M5_Pten,Base,PTEN,m5s2,GZ,33,DG GCL1,131.4470845,-190.5757716,,
M5_Pten,Base,PTEN,m5s2,GZ,34,DG GCL1,131.4470845,-190.5757716,,
M5_Pten,Base,PTEN,m5s2,GZ,35,DG GCL1,151.2992613,10.88276847,,
M5_Pten,Base,PTEN,m5s2,GZ,36,DG GCL1,151.2992613,10.88276847,,
M5_Pten,Base,PTEN,m5s2,GZ,37,HIL,38.11054845,14.51986344,,
M5_Pten,Base,PTEN,m5s2,GZ,38,HIL,38.11054845,14.51986344,,
M5_Pten,Base,PTEN,m5s2,GZ,39,HIL,44.72104965,-5.592721408,,
M5_Pten,Base,PTEN,m5s2,GZ,40,HIL,44.72104965,-5.592721408,,
M5_Pten,Base,PTEN,m5s2,GZ,41,HIL,23.71904927,-62.91874119,,
M5_Pten,Base,PTEN,m5s2,GZ,42,HIL,23.71904927,-62.91874119,,
M5_Pten,Base,PTEN,m5s2,GZ,43,HIL,3.927907636,-135.6006059,,
M5_Pten,Base,PTEN,m5s2,GZ,44,HIL,3.927907636,-135.6006059,,
M5_Pten,Base,PTEN,m5s2,GZ,45,HIL,-78.77276021,-253.1087907,,
M5_Pten,Base,PTEN,m5s2,GZ,46,HIL,-78.77276021,-253.1087907,,
M5_Pten,Base,PTEN,m5s2,GZ,47,HIL,-65.75258317,-384.8776895,,
M5_Pten,Base,PTEN,m5s2,GZ,48,HIL,-65.75258317,-384.8776895,,
M5_Pten,Base,PTEN,m5s2,GZ,49,HIL,-49.06832787,-793.1378474,,
M5_Pten,Base,PTEN,m5s2,GZ,50,HIL,-49.06832787,-793.1378474,,
M5_Pten,Base,PTEN,m5s2,GZ,51,HIL,-8.542952999,-1163.968446,,
M5_Pten,Base,PTEN,m5s2,GZ,52,HIL,-8.542952999,-1163.968446,,
M5_Pten,Base,PTEN,m5s2,GZ,53,DG GCL2,32.43231004,-1446.592737,,
M5_Pten,Base,PTEN,m5s2,GZ,54,DG GCL2,32.43231004,-1446.592737,,
M5_Pten,Base,PTEN,m5s2,GZ,55,DG GCL2,-115.2107485,-1485.002361,,
M5_Pten,Base,PTEN,m5s2,GZ,56,DG GCL2,-115.2107485,-1485.002361,,
M5_Pten,Base,PTEN,m5s2,GZ,57,DG GCL2,-441.851216,-1263.070529,,
M5_Pten,Base,PTEN,m5s2,GZ,58,DG MML2,-441.851216,-1263.070529,,
M5_Pten,Base,PTEN,m5s2,GZ,59,DG MML2,-366.0603185,-517.1939037,,
M5_Pten,Base,PTEN,m5s2,GZ,60,DG MML2,-366.0603185,-517.1939037,,
M5_Pten,Base,PTEN,m5s2,GZ,61,DG MML2,315.4021232,623.9984231,,
M5_Pten,Base,PTEN,m5s2,GZ,62,DG MML2,315.4021232,623.9984231,,
M5_Pten,Base,PTEN,m5s2,GZ,63,DG MML2,315.4021232,1352.870754,,
M5_Pten,Base,PTEN,m5s2,GZ,64,DG OML2,315.4021232,1352.870754,,
M5_Pten,CNO,PTEN,m5s7,AS,1,CA1 SP,-1.552967856,-101.8190684,,
M5_Pten,CNO,PTEN,m5s7,AS,2,CA1 SP,-1.552967856,-101.8190684,,
M5_Pten,CNO,PTEN,m5s7,AS,3,CA1 SP,-1.552967856,-119.2622792,,
M5_Pten,CNO,PTEN,m5s7,AS,4,CA1 SP,-1.552967856,-119.2622792,,
M5_Pten,CNO,PTEN,m5s7,AS,5,CA1,4.199818621,-134.8944609,,
M5_Pten,CNO,PTEN,m5s7,AS,6,CA1,4.199818621,-134.8944609,,
M5_Pten,CNO,PTEN,m5s7,AS,7,CA1,-5.310543619,-160.7757731,,
M5_Pten,CNO,PTEN,m5s7,AS,8,CA1,-5.310543619,-160.7757731,,
M5_Pten,CNO,PTEN,m5s7,AS,9,CA1,6.658328986,-169.111305,,
M5_Pten,CNO,PTEN,m5s7,AS,10,CA1,6.658328986,-169.111305,,
M5_Pten,CNO,PTEN,m5s7,AS,11,CA1 SLM,2.856866783,-190.3178922,,
M5_Pten,CNO,PTEN,m5s7,AS,12,CA1 SLM,2.856866783,-190.3178922,,
M5_Pten,CNO,PTEN,m5s7,AS,13,CA1 SLM,2.882974532,-213.3596315,,
M5_Pten,CNO,PTEN,m5s7,AS,14,CA1 SLM,2.882974532,-213.3596315,,
M5_Pten,CNO,PTEN,m5s7,AS,15,CA1 SLM,8.24090012,-239.1876781,,
M5_Pten,CNO,PTEN,m5s7,AS,16,DG OML1,8.24090012,-239.1876781,,
M5_Pten,CNO,PTEN,m5s7,AS,17,DG OML1,-2.255084003,-273.631586,,
M5_Pten,CNO,PTEN,m5s7,AS,18,DG OML1,-2.255084003,-273.631586,,
M5_Pten,CNO,PTEN,m5s7,AS,19,DG OML1,22.18979713,-305.2316337,,
M5_Pten,CNO,PTEN,m5s7,AS,20,DG MML1,22.18979713,-305.2316337,,
M5_Pten,CNO,PTEN,m5s7,AS,21,DG MML1,24.62012584,-358.43658,,
M5_Pten,CNO,PTEN,m5s7,AS,22,DG MML1,24.62012584,-358.43658,,
M5_Pten,CNO,PTEN,m5s7,AS,23,DG MML1,-37.39412396,-436.0122183,,
M5_Pten,CNO,PTEN,m5s7,AS,24,DG GCL1,-37.39412396,-436.0122183,,
M5_Pten,CNO,PTEN,m5s7,AS,25,DG GCL1,-52.71233143,-471.5398891,,
M5_Pten,CNO,PTEN,m5s7,AS,26,DG GCL1,-52.71233143,-471.5398891,,
M5_Pten,CNO,PTEN,m5s7,AS,27,DG GCL1,-46.36254553,-450.9923513,,
M5_Pten,CNO,PTEN,m5s7,AS,28,DG GCL1,-46.36254553,-450.9923513,,
M5_Pten,CNO,PTEN,m5s7,AS,29,DG GCL1,12.66918245,-384.8637082,,
M5_Pten,CNO,PTEN,m5s7,AS,30,DG GCL1,12.66918245,-384.8637082,,
M5_Pten,CNO,PTEN,m5s7,AS,31,HIL,25.97343046,-330.9266114,,
M5_Pten,CNO,PTEN,m5s7,AS,32,HIL,25.97343046,-330.9266114,,
M5_Pten,CNO,PTEN,m5s7,AS,33,HIL,7.375815423,-307.7205167,,
M5_Pten,CNO,PTEN,m5s7,AS,34,HIL,7.375815423,-307.7205167,,
M5_Pten,CNO,PTEN,m5s7,AS,35,HIL,-2.172579502,-292.7360422,,
M5_Pten,CNO,PTEN,m5s7,AS,36,HIL,-2.172579502,-292.7360422,,
M5_Pten,CNO,PTEN,m5s7,AS,37,HIL,4.799611123,-275.8220679,,
M5_Pten,CNO,PTEN,m5s7,AS,38,HIL,4.799611123,-275.8220679,,
M5_Pten,CNO,PTEN,m5s7,AS,39,HIL,9.791660274,-263.3861187,,
M5_Pten,CNO,PTEN,m5s7,AS,40,HIL,9.791660274,-263.3861187,,
M5_Pten,CNO,PTEN,m5s7,AS,41,HIL,11.70834704,-261.1848642,,
M5_Pten,CNO,PTEN,m5s7,AS,42,HIL,11.70834704,-261.1848642,,
M5_Pten,CNO,PTEN,m5s7,AS,43,HIL,31.11558663,-273.4077512,,
M5_Pten,CNO,PTEN,m5s7,AS,44,HIL,31.11558663,-273.4077512,,
M5_Pten,CNO,PTEN,m5s7,AS,45,HIL,71.84058103,-320.1146242,,
M5_Pten,CNO,PTEN,m5s7,AS,46,HIL,71.84058103,-320.1146242,,
M5_Pten,CNO,PTEN,m5s7,AS,47,HIL,11.39634188,-448.1147083,,
M5_Pten,CNO,PTEN,m5s7,AS,48,HIL,11.39634188,-448.1147083,,
M5_Pten,CNO,PTEN,m5s7,AS,49,DG GCL2,-76.90252402,-594.8684774,,
M5_Pten,CNO,PTEN,m5s7,AS,50,DG GCL2,-76.90252402,-594.8684774,,
M5_Pten,CNO,PTEN,m5s7,AS,51,DG GCL2,-141.0107458,-664.9353263,,
M5_Pten,CNO,PTEN,m5s7,AS,52,DG GCL2,-141.0107458,-664.9353263,,
M5_Pten,CNO,PTEN,m5s7,AS,53,DG GCL2,-173.5594655,-583.4229746,,
M5_Pten,CNO,PTEN,m5s7,AS,54,DG GCL2,-173.5594655,-583.4229746,,
M5_Pten,CNO,PTEN,m5s7,AS,55,DG GCL2,-69.73428277,-313.4596575,,
M5_Pten,CNO,PTEN,m5s7,AS,56,DG GCL2,-69.73428277,-313.4596575,,
M5_Pten,CNO,PTEN,m5s7,AS,57,DG GCL2,57.6735062,37.91582959,,
M5_Pten,CNO,PTEN,m5s7,AS,58,DG GCL2,57.6735062,37.91582959,,
M5_Pten,CNO,PTEN,m5s7,AS,59,DG MML2,160.747234,334.6386487,,
M5_Pten,CNO,PTEN,m5s7,AS,60,DG MML2,160.747234,334.6386487,,
M5_Pten,CNO,PTEN,m5s7,AS,61,DG MML2,133.9938826,461.6563997,,
M5_Pten,CNO,PTEN,m5s7,AS,62,DG MML2,133.9938826,461.6563997,,
M5_Pten,CNO,PTEN,m5s7,AS,63,DG MML2,133.9938826,446.4392987,,
M5_Pten,CNO,PTEN,m5s7,AS,64,DG MML2,133.9938826,446.4392987,,
M5_Pten,CNO,PTEN,m5s7,GZ,1,CA1 SP,-2.217095019,-118.2896706,,
M5_Pten,CNO,PTEN,m5s7,GZ,2,CA1 SP,-2.217095019,-118.2896706,,
M5_Pten,CNO,PTEN,m5s7,GZ,3,CA1 SP,-2.217095019,-138.7285505,,
M5_Pten,CNO,PTEN,m5s7,GZ,4,CA1 SP,-2.217095019,-138.7285505,,
M5_Pten,CNO,PTEN,m5s7,GZ,5,CA1,-17.69288234,-156.94197,,
M5_Pten,CNO,PTEN,m5s7,GZ,6,CA1,-17.69288234,-156.94197,,
M5_Pten,CNO,PTEN,m5s7,GZ,7,CA1,37.68302109,-159.4058535,,
M5_Pten,CNO,PTEN,m5s7,GZ,8,CA1,37.68302109,-159.4058535,,
M5_Pten,CNO,PTEN,m5s7,GZ,9,CA1,-17.18343568,-195.7868089,,
M5_Pten,CNO,PTEN,m5s7,GZ,10,CA1,-17.18343568,-195.7868089,,
M5_Pten,CNO,PTEN,m5s7,GZ,11,CA1 SLM,5.152478196,-217.7730802,,
M5_Pten,CNO,PTEN,m5s7,GZ,12,CA1 SLM,5.152478196,-217.7730802,,
M5_Pten,CNO,PTEN,m5s7,GZ,13,CA1 SLM,2.064577445,-244.1640671,,
M5_Pten,CNO,PTEN,m5s7,GZ,14,CA1 SLM,2.064577445,-244.1640671,,
M5_Pten,CNO,PTEN,m5s7,GZ,15,CA1 SLM,8.054320164,-272.6341801,,
M5_Pten,CNO,PTEN,m5s7,GZ,16,DG OML1,8.054320164,-272.6341801,,
M5_Pten,CNO,PTEN,m5s7,GZ,17,DG OML1,-0.679473174,-308.7775702,,
M5_Pten,CNO,PTEN,m5s7,GZ,18,DG OML1,-0.679473174,-308.7775702,,
M5_Pten,CNO,PTEN,m5s7,GZ,19,DG OML1,25.7868613,-343.6690248,,
M5_Pten,CNO,PTEN,m5s7,GZ,20,DG MML1,25.7868613,-343.6690248,,
M5_Pten,CNO,PTEN,m5s7,GZ,21,DG MML1,26.73761746,-403.2670675,,
M5_Pten,CNO,PTEN,m5s7,GZ,22,DG MML1,26.73761746,-403.2670675,,
M5_Pten,CNO,PTEN,m5s7,GZ,23,DG MML1,-64.89696591,-489.153288,,
M5_Pten,CNO,PTEN,m5s7,GZ,24,DG GCL1,-64.89696591,-489.153288,,
M5_Pten,CNO,PTEN,m5s7,GZ,25,DG GCL1,-71.31557201,-511.9440226,,
M5_Pten,CNO,PTEN,m5s7,GZ,26,DG GCL1,-71.31557201,-511.9440226,,
M5_Pten,CNO,PTEN,m5s7,GZ,27,DG GCL1,-60.42164042,-468.800815,,
M5_Pten,CNO,PTEN,m5s7,GZ,28,DG GCL1,-60.42164042,-468.800815,,
M5_Pten,CNO,PTEN,m5s7,GZ,29,DG GCL1,14.07233032,-368.2387126,,
M5_Pten,CNO,PTEN,m5s7,GZ,30,DG GCL1,14.07233032,-368.2387126,,
M5_Pten,CNO,PTEN,m5s7,GZ,31,HIL,55.83640947,-280.301668,,
M5_Pten,CNO,PTEN,m5s7,GZ,32,HIL,55.83640947,-280.301668,,
M5_Pten,CNO,PTEN,m5s7,GZ,33,HIL,14.44001791,-244.478391,,
M5_Pten,CNO,PTEN,m5s7,GZ,34,HIL,14.44001791,-244.478391,,
M5_Pten,CNO,PTEN,m5s7,GZ,35,HIL,-2.053818944,-222.929729,,
M5_Pten,CNO,PTEN,m5s7,GZ,36,HIL,-2.053818944,-222.929729,,
M5_Pten,CNO,PTEN,m5s7,GZ,37,HIL,4.875499532,-199.2189644,,
M5_Pten,CNO,PTEN,m5s7,GZ,38,HIL,4.875499532,-199.2189644,,
M5_Pten,CNO,PTEN,m5s7,GZ,39,HIL,21.8471404,-180.6415853,,
M5_Pten,CNO,PTEN,m5s7,GZ,40,HIL,21.8471404,-180.6415853,,
M5_Pten,CNO,PTEN,m5s7,GZ,41,HIL,20.04604076,-182.4748913,,
M5_Pten,CNO,PTEN,m5s7,GZ,42,HIL,20.04604076,-182.4748913,,
M5_Pten,CNO,PTEN,m5s7,GZ,43,HIL,48.99421375,-203.5849792,,
M5_Pten,CNO,PTEN,m5s7,GZ,44,HIL,48.99421375,-203.5849792,,
M5_Pten,CNO,PTEN,m5s7,GZ,45,HIL,114.5634805,-270.866269,,
M5_Pten,CNO,PTEN,m5s7,GZ,46,HIL,114.5634805,-270.866269,,
M5_Pten,CNO,PTEN,m5s7,GZ,47,HIL,38.98944064,-448.2103477,,
M5_Pten,CNO,PTEN,m5s7,GZ,48,HIL,38.98944064,-448.2103477,,
M5_Pten,CNO,PTEN,m5s7,GZ,49,DG GCL2,-82.29114163,-660.9166165,,
M5_Pten,CNO,PTEN,m5s7,GZ,50,DG GCL2,-82.29114163,-660.9166165,,
M5_Pten,CNO,PTEN,m5s7,GZ,51,DG GCL2,-176.6212569,-790.5995639,,
M5_Pten,CNO,PTEN,m5s7,GZ,52,DG GCL2,-176.6212569,-790.5995639,,
M5_Pten,CNO,PTEN,m5s7,GZ,53,DG GCL2,-267.6506218,-748.910158,,
M5_Pten,CNO,PTEN,m5s7,GZ,54,DG GCL2,-267.6506218,-748.910158,,
M5_Pten,CNO,PTEN,m5s7,GZ,55,DG GCL2,-142.0839371,-447.2100215,,
M5_Pten,CNO,PTEN,m5s7,GZ,56,DG GCL2,-142.0839371,-447.2100215,,
M5_Pten,CNO,PTEN,m5s7,GZ,57,DG GCL2,65.23722987,-8.955015232,,
M5_Pten,CNO,PTEN,m5s7,GZ,58,DG GCL2,65.23722987,-8.955015232,,
M5_Pten,CNO,PTEN,m5s7,GZ,59,DG MML2,216.3386894,367.698187,,
M5_Pten,CNO,PTEN,m5s7,GZ,60,DG MML2,216.3386894,367.698187,,
M5_Pten,CNO,PTEN,m5s7,GZ,61,DG MML2,183.4199967,529.5975125,,
M5_Pten,CNO,PTEN,m5s7,GZ,62,DG MML2,183.4199967,529.5975125,,
M5_Pten,CNO,PTEN,m5s7,GZ,63,DG MML2,183.4199967,508.6765334,,
M5_Pten,CNO,PTEN,m5s7,GZ,64,DG MML2,183.4199967,508.6765334,,
